Date,Open,High,Low,Close,Stock
01/02/20,3244.67,3258.14,3235.53,3257.85,SPX
01/02/20,28638.97,28872.8,28627.77,28868.8,DJIA
01/02/20,58.86,59.32,58.86,59.14,CAC
01/02/23,64.37,65.05,64.28,65.01,CAC
01/02/24,74.85,75.05,73.78,74.28,CAC
01/02/24,37566.22,37790.08,37495.91,37715.04,DJIA
01/02/24,4745.2,4754.33,4722.67,4742.83,SPX
01/03/20,3226.36,3246.15,3222.34,3234.85,SPX
01/03/20,59.0,59.16,58.7,59.16,CAC
01/03/20,28553.33,28716.31,28500.36,28634.88,DJIA
01/03/22,36321.59,36595.82,36246.45,36585.06,DJIA
01/03/22,70.85,71.29,70.83,71.03,CAC
01/03/22,4778.14,4796.64,4758.17,4796.56,SPX
01/03/23,3853.29,3878.46,3794.33,3824.14,SPX
01/03/23,64.99,66.07,64.99,65.38,CAC
01/03/23,33148.9,33387.52,32850.57,33136.37,DJIA
01/03/24,4725.07,4729.29,4699.71,4704.81,SPX
01/03/24,37629.23,37629.23,37401.85,37430.19,DJIA
01/03/24,74.21,74.29,72.79,73.07,CAC
01/04/21,3764.61,3769.99,3662.71,3700.65,SPX
01/04/21,55.34,55.66,54.79,54.99,CAC
01/04/21,30627.47,30674.28,29881.82,30223.89,DJIA
01/04/22,36636.0,36934.84,36636.0,36799.65,DJIA
01/04/22,4804.51,4818.62,4774.27,4793.54,SPX
01/04/22,71.43,72.14,71.36,71.98,CAC
01/04/23,3840.36,3873.16,3815.77,3852.97,SPX
01/04/23,33165.14,33409.1,33033.48,33269.77,DJIA
01/04/23,65.85,66.8,65.78,66.79,CAC
01/04/24,37425.28,37716.41,37425.28,37440.34,DJIA
01/04/24,4697.42,4726.78,4687.53,4688.68,SPX
01/04/24,73.29,73.59,73.08,73.48,CAC
01/05/21,54.83,55.07,54.4,54.7,CAC
01/05/21,3698.02,3737.83,3695.07,3726.86,SPX
01/05/21,30204.25,30504.89,30141.78,30391.6,DJIA
01/05/22,72.06,72.63,71.98,72.53,CAC
01/05/22,4787.99,4797.7,4699.44,4700.58,SPX
01/05/22,36722.6,36952.65,36400.39,36407.11,DJIA
01/05/23,66.45,66.95,66.31,66.65,CAC
01/05/23,33191.72,33191.72,32812.33,32930.08,DJIA
01/05/23,3839.74,3839.74,3802.42,3808.1,SPX
01/05/24,72.86,73.39,72.54,73.19,CAC
01/05/24,37455.46,37623.62,37323.82,37466.11,DJIA
01/05/24,4690.57,4721.49,4682.11,4697.24,SPX
01/06/20,28465.5,28708.02,28418.63,28703.38,DJIA
01/06/20,3217.55,3246.84,3214.64,3246.28,SPX
01/06/20,58.8,58.96,58.35,58.92,CAC
01/06/21,55.07,55.55,54.62,55.35,CAC
01/06/21,3712.2,3783.04,3705.34,3748.14,SPX
01/06/21,30362.78,31022.65,30313.07,30829.4,DJIA
01/06/22,71.71,71.95,71.2,71.31,CAC
01/06/22,36409.05,36464.19,36200.68,36236.47,DJIA
01/06/22,4693.39,4725.01,4671.26,4696.05,SPX
01/06/23,3823.37,3906.19,3809.56,3895.08,SPX
01/06/23,66.8,67.61,66.62,67.61,CAC
01/06/23,33055.3,33710.66,32997.39,33630.61,DJIA
01/07/20,28639.18,28685.5,28565.28,28583.68,DJIA
01/07/20,3241.86,3244.91,3232.43,3237.18,SPX
01/07/20,59.17,59.42,58.8,58.95,CAC
01/07/21,30901.18,31193.4,30897.86,31041.13,DJIA
01/07/21,3764.71,3811.55,3764.71,3803.79,SPX
01/07/21,55.69,55.92,55.4,55.73,CAC
01/07/22,71.26,71.47,70.65,71.02,CAC
01/07/22,36249.59,36382.84,36111.53,36231.66,DJIA
01/07/22,4697.66,4707.95,4662.74,4677.03,SPX
01/08/20,58.69,59.12,58.53,59.11,CAC
01/08/20,28556.14,28866.18,28522.51,28745.09,DJIA
01/08/20,3238.59,3267.07,3236.67,3253.05,SPX
01/08/21,3815.05,3826.69,3783.6,3824.68,SPX
01/08/21,56.24,56.26,55.81,56.1,CAC
01/08/21,31069.58,31140.67,30793.27,31097.97,DJIA
01/08/24,37327.37,37692.92,37249.24,37683.01,DJIA
01/08/24,73.14,73.46,72.8,73.39,CAC
01/08/24,4703.7,4764.54,4699.82,4763.54,SPX
01/09/20,28851.97,28988.01,28844.31,28956.9,DJIA
01/09/20,59.51,59.51,59.17,59.2,CAC
01/09/20,3266.03,3275.58,3263.67,3274.7,SPX
01/09/23,33664.39,33935.11,33487.66,33517.65,DJIA
01/09/23,67.64,68.27,67.59,68.09,CAC
01/09/23,3910.82,3950.57,3890.42,3892.09,SPX
01/09/24,73.5,73.5,72.95,73.21,CAC
01/09/24,4741.93,4765.47,4730.35,4756.5,SPX
01/09/24,37523.55,37552.38,37373.3,37525.16,DJIA
01/10/20,3281.81,3282.99,3260.86,3265.35,SPX
01/10/20,28977.52,29009.07,28789.1,28823.77,DJIA
01/10/20,59.21,59.31,59.11,59.17,CAC
01/10/22,4655.34,4673.02,4582.24,4670.29,SPX
01/10/22,71.2,71.21,69.89,70.01,CAC
01/10/22,36175.21,36175.21,35639.91,36068.87,DJIA
01/10/23,33516.43,33726.54,33421.8,33704.1,DJIA
01/10/23,3888.57,3919.83,3877.29,3919.25,SPX
01/10/23,67.72,67.77,67.46,67.67,CAC
01/10/24,37552.91,37740.77,37524.4,37695.73,DJIA
01/10/24,4759.94,4790.8,4756.2,4783.45,SPX
01/10/24,73.15,73.44,73.02,73.17,CAC
01/11/21,31015.37,31096.98,30832.06,31008.69,DJIA
01/11/21,55.99,56.04,55.37,55.68,CAC
01/11/21,3803.14,3817.86,3789.02,3799.61,SPX
01/11/22,36058.85,36271.47,35769.38,36252.02,DJIA
01/11/22,4669.14,4714.13,4638.27,4713.07,SPX
01/11/22,70.77,71.06,70.45,70.67,CAC
01/11/23,67.83,68.48,67.73,68.22,CAC
01/11/23,33754.03,33974.69,33711.04,33973.01,DJIA
01/11/23,3932.35,3970.07,3928.54,3969.61,SPX
01/11/24,37747.14,37801.9,37424.28,37711.02,DJIA
01/11/24,4792.13,4798.5,4739.58,4780.24,SPX
01/11/24,73.57,73.72,72.77,72.81,CAC
01/12/21,31015.01,31114.56,30888.76,31068.69,DJIA
01/12/21,3801.62,3810.78,3776.51,3801.19,SPX
01/12/21,55.84,55.84,55.45,55.54,CAC
01/12/22,36336.16,36453.49,36168.15,36290.32,DJIA
01/12/22,71.16,71.32,70.65,71.21,CAC
01/12/22,4728.59,4748.83,4706.71,4726.35,SPX
01/12/23,34047.86,34292.67,33792.1,34189.97,DJIA
01/12/23,3977.57,3997.76,3937.56,3983.17,SPX
01/12/23,68.46,69.1,68.41,68.78,CAC
01/12/24,37818.05,37825.27,37470.19,37592.98,DJIA
01/12/24,4791.18,4802.4,4768.98,4783.83,SPX
01/12/24,73.07,73.72,73.07,73.56,CAC
01/13/20,28869.01,28909.91,28819.43,28907.05,DJIA
01/13/20,59.23,59.38,58.98,59.14,CAC
01/13/20,3271.13,3288.13,3268.43,3288.13,SPX
01/13/21,55.6,55.82,55.51,55.71,CAC
01/13/21,31084.88,31153.37,30992.05,31060.47,DJIA
01/13/21,3802.23,3820.96,3791.5,3809.84,SPX
01/13/22,70.94,71.12,70.54,70.85,CAC
01/13/22,4733.56,4744.13,4650.29,4659.03,SPX
01/13/22,36312.49,36513.88,36044.22,36113.62,DJIA
01/13/23,3960.32,4003.95,3947.67,3999.09,SPX
01/13/23,34075.31,34342.32,33915.49,34302.61,DJIA
01/13/23,68.91,69.31,68.76,69.19,CAC
01/14/20,59.12,59.24,58.64,59.24,CAC
01/14/20,28895.5,29054.16,28872.27,28939.67,DJIA
01/14/20,3285.35,3294.25,3277.19,3283.15,SPX
01/14/21,55.66,55.94,55.65,55.89,CAC
01/14/21,3814.98,3823.6,3792.86,3795.54,SPX
01/14/21,31085.67,31223.78,30982.24,30991.52,DJIA
01/14/22,35996.43,35996.43,35641.49,35911.81,DJIA
01/14/22,70.14,70.55,70.07,70.31,CAC
01/14/22,4637.99,4665.13,4614.75,4662.85,SPX
01/15/20,59.29,59.29,58.96,59.16,CAC
01/15/20,28901.8,29127.59,28897.35,29030.22,DJIA
01/15/20,3282.27,3298.66,3280.69,3289.29,SPX
01/15/21,3788.73,3788.73,3749.62,3768.25,SPX
01/15/21,30926.77,30941.98,30612.67,30814.26,DJIA
01/15/21,55.48,55.56,54.66,55.17,CAC
01/15/24,73.58,73.72,72.96,73.06,CAC
01/16/20,29131.95,29300.32,29131.95,29297.64,DJIA
01/16/20,3302.97,3317.11,3302.82,3316.81,SPX
01/16/20,59.22,59.4,59.04,59.23,CAC
01/16/23,69.41,69.5,69.17,69.39,CAC
01/16/24,37493.54,37543.18,37201.39,37361.12,DJIA
01/16/24,4772.35,4782.34,4747.12,4765.98,SPX
01/16/24,72.43,72.96,72.32,72.93,CAC
01/17/20,3323.66,3329.88,3318.86,3329.62,SPX
01/17/20,59.55,59.93,59.53,59.81,CAC
01/17/20,29313.31,29373.62,29289.91,29348.1,DJIA
01/17/22,70.56,70.99,70.35,70.89,CAC
01/17/23,34222.32,34269.97,33860.67,33910.85,DJIA
01/17/23,3999.28,4015.39,3984.57,3990.97,SPX
01/17/23,69.48,69.96,69.18,69.68,CAC
01/17/24,72.1,72.22,71.83,72.22,CAC
01/17/24,37281.86,37371.66,37132.89,37266.67,DJIA
01/17/24,4739.13,4744.23,4714.82,4739.21,SPX
01/18/21,54.95,55.23,54.89,55.23,CAC
01/18/22,4632.24,4632.24,4568.7,4577.11,SPX
01/18/22,70.49,70.53,69.87,70.21,CAC
01/18/22,35661.76,35661.76,35262.02,35368.47,DJIA
01/18/23,69.71,70.1,69.68,69.77,CAC
01/18/23,33948.49,34016.53,33269.9,33296.96,DJIA
01/18/23,4002.25,4014.16,3926.59,3928.86,SPX
01/18/24,72.44,73.07,72.36,73.05,CAC
01/18/24,37300.81,37522.29,37122.95,37468.61,DJIA
01/18/24,4760.1,4785.79,4740.57,4780.94,SPX
01/19/21,30887.42,31086.62,30865.03,30930.52,DJIA
01/19/21,55.44,55.48,55.0,55.03,CAC
01/19/21,3781.88,3804.53,3780.37,3798.91,SPX
01/19/22,4588.03,4611.55,4530.2,4532.76,SPX
01/19/22,35412.3,35547.83,35015.49,35028.65,DJIA
01/19/22,70.03,70.95,70.03,70.59,CAC
01/19/23,69.45,69.5,68.35,68.39,CAC
01/19/23,3911.84,3922.94,3885.54,3898.85,SPX
01/19/23,33171.35,33227.49,32982.05,33044.56,DJIA
01/19/24,73.46,73.5,72.56,72.69,CAC
01/19/24,37572.5,37933.73,37451.71,37863.8,DJIA
01/19/24,4796.28,4842.07,4785.87,4839.81,SPX
01/20/20,59.77,59.77,59.55,59.61,CAC
01/20/21,55.13,55.49,55.08,55.36,CAC
01/20/21,3816.22,3859.75,3816.22,3851.85,SPX
01/20/21,31017.54,31235.98,30997.79,31188.38,DJIA
01/20/22,35102.66,35490.2,34670.12,34715.39,DJIA
01/20/22,4547.35,4602.11,4477.95,4482.73,SPX
01/20/22,70.7,70.85,70.14,70.85,CAC
01/20/23,33073.46,33381.95,32948.93,33375.49,DJIA
01/20/23,68.88,69.0,68.58,68.82,CAC
01/20/23,3909.04,3972.96,3897.86,3972.61,SPX
01/21/20,59.02,59.29,58.78,59.29,CAC
01/21/20,29269.05,29341.21,29146.47,29196.04,DJIA
01/21/20,3321.03,3329.79,3316.61,3320.79,SPX
01/21/21,31198.01,31272.22,31120.92,31176.01,DJIA
01/21/21,3857.46,3861.45,3845.05,3853.07,SPX
01/21/21,55.65,55.65,54.97,54.99,CAC
01/21/22,69.93,70.09,69.04,69.51,CAC
01/21/22,4471.38,4494.52,4395.34,4397.94,SPX
01/21/22,34701.69,34896.67,34229.55,34265.37,DJIA
01/22/20,29263.63,29320.2,29172.26,29186.27,DJIA
01/22/20,59.41,59.52,58.87,58.93,CAC
01/22/20,3330.02,3337.77,3320.04,3321.75,SPX
01/22/21,54.78,54.78,54.2,54.67,CAC
01/22/21,3844.24,3852.31,3830.41,3841.47,SPX
01/22/21,31141.56,31141.56,30908.47,30996.98,DJIA
01/22/24,4853.42,4868.41,4844.05,4850.43,SPX
01/22/24,73.32,73.45,72.9,73.08,CAC
01/22/24,37919.55,38109.2,37911.61,38001.81,DJIA
01/23/20,58.72,59.06,58.49,58.53,CAC
01/23/20,3315.77,3326.88,3301.87,3325.54,SPX
01/23/20,29111.02,29190.47,28966.98,29160.09,DJIA
01/23/23,3978.14,4039.31,3971.64,4019.81,SPX
01/23/23,33439.56,33782.88,33316.25,33629.56,DJIA
01/23/23,69.04,69.35,68.79,69.22,CAC
01/23/24,73.29,73.29,72.73,72.82,CAC
01/23/24,4856.8,4866.48,4844.37,4864.6,SPX
01/23/24,37959.79,37980.73,37804.99,37905.45,DJIA
01/24/20,29230.39,29288.79,28843.31,28989.73,DJIA
01/24/20,59.12,59.45,59.01,59.08,CAC
01/24/20,3333.1,3333.18,3281.53,3295.47,SPX
01/24/22,4356.32,4417.35,4222.62,4410.13,SPX
01/24/22,69.17,69.6,66.48,66.87,CAC
01/24/22,34070.61,34420.99,33150.33,34364.5,DJIA
01/24/23,4001.74,4023.92,3989.79,4016.95,SPX
01/24/23,33444.72,33782.92,33310.56,33733.96,DJIA
01/24/23,69.42,69.47,68.96,69.37,CAC
01/24/24,73.1,73.58,73.1,73.52,CAC
01/24/24,37975.37,38064.22,37795.71,37806.39,DJIA
01/24/24,4888.56,4903.68,4865.94,4868.55,SPX
01/25/21,3851.68,3859.23,3797.16,3855.36,SPX
01/25/21,30989.85,30989.85,30564.06,30960.0,DJIA
01/25/21,54.76,54.83,53.63,53.8,CAC
01/25/22,34186.64,34591.04,33545.52,34297.73,DJIA
01/25/22,67.52,67.82,66.78,67.35,CAC
01/25/22,4366.64,4411.01,4287.11,4356.45,SPX
01/25/23,69.51,69.51,68.86,69.3,CAC
01/25/23,3982.71,4019.55,3949.06,4016.22,SPX
01/25/23,33538.36,33773.09,33273.21,33743.84,DJIA
01/25/24,4886.66,4898.15,4869.34,4894.16,SPX
01/25/24,73.41,73.66,73.12,73.61,CAC
01/25/24,37862.57,38057.53,37796.47,38049.13,DJIA
01/26/21,53.79,54.63,53.79,54.31,CAC
01/26/21,3862.96,3870.9,3847.78,3849.62,SPX
01/26/21,30968.55,31121.42,30921.71,30937.04,DJIA
01/26/22,34520.82,34815.67,33876.48,34168.09,DJIA
01/26/22,4408.43,4453.23,4304.8,4349.93,SPX
01/26/22,68.14,69.16,68.12,68.85,CAC
01/26/23,4036.08,4061.57,4013.29,4060.43,SPX
01/26/23,69.8,69.98,69.62,69.8,CAC
01/26/23,33771.66,33953.79,33635.6,33949.41,DJIA
01/26/24,4888.91,4906.69,4881.47,4890.97,SPX
01/26/24,38006.68,38215.31,37997.77,38109.43,DJIA
01/26/24,74.57,75.39,74.47,75.29,CAC
01/27/20,28542.49,28671.79,28440.47,28535.8,DJIA
01/27/20,58.17,58.25,57.37,57.51,CAC
01/27/20,3247.16,3258.85,3234.5,3243.63,SPX
01/27/21,30893.78,30893.78,30206.91,30303.17,DJIA
01/27/21,3836.83,3836.83,3732.48,3750.77,SPX
01/27/21,54.19,54.5,53.1,53.64,CAC
01/27/22,67.82,69.41,67.82,69.19,CAC
01/27/22,34261.75,34773.32,34007.78,34160.78,DJIA
01/27/22,4380.58,4428.74,4309.5,4326.51,SPX
01/27/23,33952.93,34164.33,33830.85,33978.08,DJIA
01/27/23,4053.72,4094.21,4048.7,4070.56,SPX
01/27/23,69.69,69.99,69.5,69.82,CAC
01/28/20,28594.28,28823.23,28575.75,28722.85,DJIA
01/28/20,57.74,58.19,57.5,58.16,CAC
01/28/20,3255.35,3285.78,3253.22,3276.24,SPX
01/28/21,53.17,54.28,52.9,54.15,CAC
01/28/21,30377.19,30951.41,30377.19,30603.36,DJIA
01/28/21,3755.75,3830.5,3755.75,3787.38,SPX
01/28/22,34135.24,34731.77,33807.51,34725.47,DJIA
01/28/22,69.25,69.26,67.45,68.55,CAC
01/28/22,4336.19,4432.72,4292.46,4431.85,SPX
01/29/20,3289.46,3293.47,3271.89,3273.4,SPX
01/29/20,58.05,58.48,58.05,58.45,CAC
01/29/20,28820.53,28944.24,28728.19,28734.45,DJIA
01/29/21,53.33,53.71,53.04,53.04,CAC
01/29/21,30553.91,30553.91,29856.3,29982.62,DJIA
01/29/21,3778.05,3778.05,3694.12,3714.24,SPX
01/29/24,75.36,75.47,75.14,75.36,CAC
01/29/24,38115.83,38343.93,38061.17,38333.45,DJIA
01/29/24,4892.95,4929.31,4887.4,4927.93,SPX
01/30/20,28640.16,28879.71,28489.76,28859.44,DJIA
01/30/20,57.64,57.88,57.35,57.58,CAC
01/30/20,3256.45,3285.91,3242.8,3283.66,SPX
01/30/23,4049.27,4063.85,4015.55,4017.77,SPX
01/30/23,69.46,69.82,69.17,69.71,CAC
01/30/23,33909.21,34055.29,33695.18,33717.09,DJIA
01/30/24,4925.89,4931.09,4916.27,4924.97,SPX
01/30/24,75.49,75.81,75.41,75.76,CAC
01/30/24,38298.23,38497.39,38257.8,38467.31,DJIA
01/31/20,28813.04,28813.04,28169.53,28256.03,DJIA
01/31/20,57.75,57.77,56.88,56.92,CAC
01/31/20,3282.33,3282.33,3214.68,3225.52,SPX
01/31/22,34691.17,35148.14,34496.1,35131.86,DJIA
01/31/22,69.01,69.3,68.33,68.89,CAC
01/31/22,4431.79,4516.89,4414.02,4515.55,SPX
01/31/23,4020.85,4077.16,4020.44,4076.6,SPX
01/31/23,33803.56,34095.23,33664.91,34086.04,DJIA
01/31/23,69.7,69.72,69.12,69.7,CAC
01/31/24,75.9,76.0,75.51,75.51,CAC
01/31/24,4899.19,4906.75,4845.15,4845.65,SPX
01/31/24,38426.78,38588.86,38139.66,38150.3,DJIA
02/01/21,53.47,53.89,53.47,53.7,CAC
02/01/21,30054.73,30335.91,30014.97,30211.91,DJIA
02/01/21,3731.17,3784.32,3725.62,3773.86,SPX
02/01/22,35151.47,35441.09,34977.95,35405.24,DJIA
02/01/22,4519.57,4550.49,4483.53,4546.54,SPX
02/01/22,69.53,69.91,69.3,69.87,CAC
02/01/23,69.8,69.9,69.46,69.59,CAC
02/01/23,4070.07,4148.95,4037.2,4119.21,SPX
02/01/23,34039.6,34334.7,33581.42,34092.96,DJIA
02/01/24,4861.11,4906.97,4853.52,4906.19,SPX
02/01/24,38175.34,38522.5,38106.84,38519.84,DJIA
02/01/24,74.92,75.17,74.7,74.84,CAC
02/02/21,3791.84,3843.09,3791.84,3826.31,SPX
02/02/21,54.18,54.81,54.18,54.74,CAC
02/02/21,30276.88,30840.54,30276.88,30687.48,DJIA
02/02/22,35378.19,35679.2,35290.12,35629.33,DJIA
02/02/22,70.1,70.36,69.98,69.98,CAC
02/02/22,4566.39,4595.31,4544.32,4589.38,SPX
02/02/23,70.0,70.65,69.65,70.5,CAC
02/02/23,4158.68,4195.44,4141.88,4179.76,SPX
02/02/23,34129.3,34145.14,33814.78,34053.94,DJIA
02/02/24,4916.06,4975.29,4907.99,4958.61,SPX
02/02/24,75.12,75.4,74.87,74.88,CAC
02/02/24,38448.1,38783.62,38336.57,38654.42,DJIA
02/03/20,57.1,57.42,56.99,57.21,CAC
02/03/20,3235.66,3268.44,3235.66,3248.92,SPX
02/03/20,28319.65,28630.39,28319.65,28399.81,DJIA
02/03/21,3840.27,3847.51,3816.68,3830.17,SPX
02/03/21,55.2,55.24,54.61,54.69,CAC
02/03/21,30689.65,30793.41,30521.31,30723.6,DJIA
02/03/22,70.05,70.08,68.82,68.88,CAC
02/03/22,4535.41,4542.88,4470.39,4477.44,SPX
02/03/22,35520.08,35535.94,35071.06,35111.16,DJIA
02/03/23,33926.3,34179.58,33813.86,33926.01,DJIA
02/03/23,4136.69,4182.36,4123.36,4136.48,SPX
02/03/23,70.14,71.16,69.97,71.16,CAC
02/04/20,57.55,58.23,57.55,58.23,CAC
02/04/20,3280.61,3306.92,3280.61,3297.59,SPX
02/04/20,28696.74,28904.88,28696.74,28807.63,DJIA
02/04/21,30737.78,31065.96,30737.78,31055.86,DJIA
02/04/21,54.81,55.19,54.75,55.11,CAC
02/04/21,3836.66,3872.42,3836.66,3871.74,SPX
02/04/22,35095.74,35333.55,34799.08,35089.74,DJIA
02/04/22,69.36,69.45,68.1,68.34,CAC
02/04/22,4482.79,4539.66,4451.5,4500.53,SPX
02/05/20,58.02,58.88,58.0,58.74,CAC
02/05/20,29048.73,29308.89,29000.85,29290.85,DJIA
02/05/20,3324.91,3337.58,3313.75,3334.69,SPX
02/05/21,31093.81,31252.18,31083.22,31148.24,DJIA
02/05/21,55.34,55.76,55.34,55.64,CAC
02/05/21,3878.3,3894.56,3874.93,3886.83,SPX
02/05/24,74.94,75.03,74.54,74.88,CAC
02/05/24,4957.19,4957.19,4918.09,4942.81,SPX
02/05/24,38546.77,38633.88,38220.4,38380.12,DJIA
02/06/20,3344.92,3347.96,3334.39,3345.78,SPX
02/06/20,59.28,59.34,59.02,59.22,CAC
02/06/20,29388.58,29408.05,29246.93,29379.77,DJIA
02/06/23,4119.57,4124.63,4093.38,4111.08,SPX
02/06/23,70.54,70.67,69.87,70.21,CAC
02/06/23,33874.44,33962.84,33683.58,33891.02,DJIA
02/06/24,75.26,75.4,74.91,75.37,CAC
02/06/24,38392.9,38545.28,38350.46,38521.36,DJIA
02/06/24,4950.16,4957.77,4934.88,4954.23,SPX
02/07/20,3335.54,3341.42,3322.12,3327.71,SPX
02/07/20,29286.92,29286.92,29056.98,29102.51,DJIA
02/07/20,59.16,59.28,58.88,59.11,CAC
02/07/22,68.83,69.09,68.22,68.97,CAC
02/07/22,4505.75,4521.86,4471.47,4483.87,SPX
02/07/22,35108.38,35325.01,34993.98,35091.13,DJIA
02/07/23,70.14,70.35,69.96,70.13,CAC
02/07/23,33769.78,34240.0,33634.1,34156.69,DJIA
02/07/23,4105.35,4176.54,4088.39,4164.0,SPX
02/07/24,38613.89,38748.11,38571.01,38677.36,DJIA
02/07/24,75.43,75.5,75.11,75.16,CAC
02/07/24,4973.05,4999.89,4969.05,4995.06,SPX
02/08/21,31191.2,31386.1,31191.2,31385.76,DJIA
02/08/21,55.91,56.19,55.8,55.98,CAC
02/08/21,3892.59,3915.77,3892.59,3915.59,SPX
02/08/22,35160.68,35544.89,35090.42,35462.78,DJIA
02/08/22,68.99,69.65,68.83,69.15,CAC
02/08/22,4480.02,4531.32,4465.4,4521.54,SPX
02/08/23,4153.47,4156.85,4111.67,4117.86,SPX
02/08/23,34132.9,34161.65,33899.79,33949.01,DJIA
02/08/23,70.63,70.72,70.01,70.01,CAC
02/08/24,38702.11,38755.68,38544.36,38726.33,DJIA
02/08/24,4995.16,5000.4,4987.09,4997.91,SPX
02/08/24,75.25,75.81,75.07,75.65,CAC
02/09/21,3910.49,3918.35,3902.64,3911.23,SPX
02/09/21,31359.88,31439.47,31245.86,31375.83,DJIA
02/09/21,55.99,56.1,55.77,55.92,CAC
02/09/22,4547.0,4590.03,4547.0,4587.18,SPX
02/09/22,69.81,70.28,69.7,70.15,CAC
02/09/22,35614.9,35824.28,35614.9,35768.06,DJIA
02/09/23,34105.61,34252.57,33607.13,33699.88,DJIA
02/09/23,70.65,71.04,70.65,70.69,CAC
02/09/23,4144.25,4156.23,4069.67,4081.5,SPX
02/09/24,75.52,75.67,75.2,75.46,CAC
02/09/24,38731.97,38734.28,38567.9,38671.69,DJIA
02/09/24,5004.17,5030.06,5000.34,5026.61,SPX
02/10/20,28995.66,29278.07,28995.66,29276.82,DJIA
02/10/20,3318.28,3352.26,3317.77,3352.09,SPX
02/10/20,58.95,59.0,58.79,58.96,CAC
02/10/21,31428.02,31511.44,31221.32,31437.8,DJIA
02/10/21,3920.78,3931.5,3884.94,3909.88,SPX
02/10/21,56.19,56.19,55.47,55.74,CAC
02/10/22,4553.24,4588.92,4484.31,4504.08,SPX
02/10/22,70.33,70.5,69.34,69.81,CAC
02/10/22,35630.81,35800.24,35100.72,35241.59,DJIA
02/10/23,70.39,70.57,69.57,70.12,CAC
02/10/23,33671.54,33897.31,33591.99,33869.27,DJIA
02/10/23,4068.92,4094.36,4060.79,4090.46,SPX
02/11/20,59.34,59.42,59.17,59.36,CAC
02/11/20,3365.87,3375.63,3352.72,3357.75,SPX
02/11/20,29390.71,29415.39,29210.47,29276.34,DJIA
02/11/21,55.82,55.84,55.61,55.7,CAC
02/11/21,31466.49,31543.82,31244.36,31430.7,DJIA
02/11/21,3916.4,3925.99,3890.39,3916.38,SPX
02/11/22,35267.89,35431.15,34620.52,34738.06,DJIA
02/11/22,69.24,69.53,68.76,68.96,CAC
02/11/22,4506.27,4526.33,4401.41,4418.64,SPX
02/12/20,59.52,59.84,59.52,59.84,CAC
02/12/20,29406.75,29568.57,29406.75,29551.42,DJIA
02/12/20,3370.5,3381.47,3369.72,3379.45,SPX
02/12/21,55.58,56.06,55.33,56.05,CAC
02/12/21,31420.8,31475.31,31347.8,31458.4,DJIA
02/12/21,3911.65,3937.23,3905.78,3934.83,SPX
02/12/24,38656.76,38927.08,38628.92,38797.38,DJIA
02/12/24,75.72,75.9,75.64,75.89,CAC
02/12/24,5026.83,5048.39,5016.83,5021.84,SPX
02/13/20,29436.03,29535.4,29345.93,29423.31,DJIA
02/13/20,59.56,59.79,59.14,59.71,CAC
02/13/20,3365.9,3385.09,3360.52,3373.94,SPX
02/13/23,4096.62,4138.9,4092.67,4137.29,SPX
02/13/23,33887.39,34249.6,33887.39,34245.93,DJIA
02/13/23,70.29,70.92,70.29,70.92,CAC
02/13/24,4967.94,4971.3,4920.31,4953.17,SPX
02/13/24,38699.17,38699.17,38039.86,38272.75,DJIA
02/13/24,75.78,75.81,74.97,75.23,CAC
02/14/20,29440.47,29463.04,29283.18,29398.08,DJIA
02/14/20,3378.08,3380.69,3366.15,3380.16,SPX
02/14/20,59.65,59.73,59.51,59.52,CAC
02/14/22,4412.61,4426.22,4364.84,4401.67,SPX
02/14/22,67.33,67.69,66.5,67.49,CAC
02/14/22,34694.5,34744.56,34304.28,34566.17,DJIA
02/14/23,34194.09,34331.47,33827.45,34089.27,DJIA
02/14/23,70.95,71.5,70.87,71.03,CAC
02/14/23,4126.7,4159.77,4095.01,4136.13,SPX
02/14/24,38372.67,38442.56,38194.62,38424.27,DJIA
02/14/24,75.2,75.78,75.18,75.77,CAC
02/14/24,4976.44,5002.52,4956.45,5000.62,SPX
02/15/21,56.53,57.01,56.45,56.86,CAC
02/15/22,34686.19,35047.79,34686.19,34988.84,DJIA
02/15/22,4429.28,4472.77,4429.28,4471.07,SPX
02/15/22,67.55,68.77,67.47,68.76,CAC
02/15/23,71.07,72.02,71.02,71.87,CAC
02/15/23,4119.5,4148.11,4103.98,4147.6,SPX
02/15/23,34008.63,34130.49,33833.1,34128.05,DJIA
02/15/24,76.22,76.49,76.22,76.43,CAC
02/15/24,5003.14,5032.72,4999.44,5029.73,SPX
02/15/24,38397.94,38781.89,38397.94,38773.12,DJIA
02/16/21,3939.61,3950.43,3923.85,3932.59,SPX
02/16/21,56.92,56.99,56.72,56.85,CAC
02/16/21,31472.08,31608.63,31443.48,31522.75,DJIA
02/16/22,4455.75,4489.55,4429.68,4475.01,SPX
02/16/22,68.9,69.26,68.25,68.58,CAC
02/16/22,34951.83,35042.09,34642.64,34934.27,DJIA
02/16/23,33992.09,34041.16,33686.59,33696.85,DJIA
02/16/23,72.41,72.69,72.1,72.53,CAC
02/16/23,4114.75,4136.54,4089.49,4090.41,SPX
02/16/24,38751.71,38825.03,38583.24,38627.99,DJIA
02/16/24,76.76,76.95,76.52,76.63,CAC
02/16/24,5031.13,5038.7,4999.52,5005.57,SPX
02/17/20,59.57,59.69,59.47,59.66,CAC
02/17/21,3918.5,3933.61,3900.43,3931.33,SPX
02/17/21,31485.61,31643.7,31338.76,31613.02,DJIA
02/17/21,56.57,56.9,56.56,56.63,CAC
02/17/22,68.99,69.08,67.95,68.39,CAC
02/17/22,4456.06,4456.06,4373.81,4380.26,SPX
02/17/22,34858.47,34858.47,34246.23,34312.03,DJIA
02/17/23,71.9,72.5,71.58,72.27,CAC
02/17/23,33677.01,33846.64,33517.73,33826.69,DJIA
02/17/23,4077.73,4081.51,4047.95,4079.09,SPX
02/18/20,3369.04,3375.01,3355.61,3370.29,SPX
02/18/20,29282.78,29330.16,29116.81,29232.19,DJIA
02/18/20,59.29,59.54,59.22,59.38,CAC
02/18/21,3915.86,3921.98,3885.03,3913.97,SPX
02/18/21,31558.6,31558.6,31285.32,31493.34,DJIA
02/18/21,56.68,56.78,56.23,56.32,CAC
02/18/22,68.48,68.83,67.9,68.22,CAC
02/18/22,34310.45,34423.58,33976.18,34079.18,DJIA
02/18/22,4384.57,4394.6,4327.22,4348.87,SPX
02/19/20,59.6,59.88,59.54,59.87,CAC
02/19/20,29312.7,29409.09,29274.38,29348.03,DJIA
02/19/20,3380.39,3393.52,3378.83,3386.15,SPX
02/19/21,31504.13,31647.53,31469.34,31494.32,DJIA
02/19/21,3921.16,3930.41,3903.07,3906.71,SPX
02/19/21,56.42,56.86,56.41,56.78,CAC
02/19/24,76.45,76.68,76.26,76.61,CAC
02/20/20,29296.25,29368.45,28959.65,29219.98,DJIA
02/20/20,59.83,59.86,59.42,59.42,CAC
02/20/20,3380.45,3389.15,3341.02,3373.23,SPX
02/20/23,72.43,72.45,72.07,72.19,CAC
02/20/24,76.7,77.03,76.54,76.94,CAC
02/20/24,4989.32,4993.71,4955.02,4975.51,SPX
02/20/24,38576.26,38663.09,38460.2,38563.8,DJIA
02/21/20,29146.53,29146.53,28892.7,28992.41,DJIA
02/21/20,3360.5,3360.76,3328.45,3337.75,SPX
02/21/20,59.01,59.38,58.77,59.07,CAC
02/21/22,68.62,68.74,66.4,66.79,CAC
02/21/23,72.13,72.28,71.3,71.86,CAC
02/21/23,33699.69,33699.69,33115.74,33129.59,DJIA
02/21/23,4052.35,4052.35,3995.19,3997.34,SPX
02/21/24,4963.03,4983.21,4946.0,4981.8,SPX
02/21/24,77.01,77.17,76.86,77.09,CAC
02/21/24,38483.66,38618.03,38338.58,38612.24,DJIA
02/22/21,56.39,56.77,56.07,56.71,CAC
02/22/21,3885.55,3902.92,3874.71,3876.5,SPX
02/22/21,31381.12,31653.48,31286.57,31521.69,DJIA
02/22/22,33974.09,34024.74,33364.29,33596.61,DJIA
02/22/22,4332.74,4362.12,4267.11,4304.76,SPX
02/22/22,65.75,67.26,65.44,66.85,CAC
02/22/23,33169.33,33245.97,32948.27,33045.09,DJIA
02/22/23,4001.83,4017.37,3976.9,3991.05,SPX
02/22/23,71.56,71.86,71.1,71.78,CAC
02/22/24,38845.19,39149.61,38802.07,39069.11,DJIA
02/22/24,5038.83,5094.39,5038.83,5087.03,SPX
02/22/24,77.86,78.12,77.49,78.04,CAC
02/23/21,31501.89,31653.38,31158.76,31537.35,DJIA
02/23/21,56.89,57.08,56.26,56.79,CAC
02/23/21,3857.07,3895.98,3805.59,3881.37,SPX
02/23/22,67.11,67.95,66.68,66.78,CAC
02/23/22,33680.97,33832.59,33084.9,33131.76,DJIA
02/23/22,4324.93,4341.51,4221.51,4225.5,SPX
02/23/23,33175.39,33272.4,32795.67,33153.91,DJIA
02/23/23,4018.6,4028.3,3969.19,4012.32,SPX
02/23/23,71.95,72.33,71.86,71.94,CAC
02/23/24,39127.97,39282.28,39094.36,39131.53,DJIA
02/23/24,78.12,78.7,77.99,78.58,CAC
02/23/24,5100.92,5111.06,5081.46,5088.8,SPX
02/24/20,57.36,57.4,56.46,56.72,CAC
02/24/20,28402.93,28402.93,27912.44,27960.8,DJIA
02/24/20,3257.61,3259.81,3214.65,3225.89,SPX
02/24/21,56.85,57.02,56.67,56.99,CAC
02/24/21,3873.71,3928.65,3859.6,3925.43,SPX
02/24/21,31499.75,32009.64,31421.29,31961.86,DJIA
02/24/22,64.1,65.19,63.32,64.2,CAC
02/24/22,32830.33,33269.34,32272.64,33223.83,DJIA
02/24/22,4155.77,4294.73,4114.65,4288.7,SPX
02/24/23,32999.19,32999.19,32643.48,32816.92,DJIA
02/24/23,3973.24,3978.25,3943.08,3970.04,SPX
02/24/23,72.38,72.4,70.63,70.63,CAC
02/25/20,57.03,57.11,55.6,55.69,CAC
02/25/20,28037.65,28149.2,26997.62,27081.36,DJIA
02/25/20,3238.94,3246.99,3118.77,3128.21,SPX
02/25/21,31955.94,31984.77,31293.32,31402.01,DJIA
02/25/21,57.28,57.33,56.81,56.81,CAC
02/25/21,3915.8,3925.02,3814.04,3829.34,SPX
02/25/22,64.94,66.57,64.2,66.5,CAC
02/25/22,33277.22,34095.74,33277.22,34058.75,DJIA
02/25/22,4298.38,4385.34,4286.83,4384.65,SPX
02/26/20,55.27,55.9,54.19,55.75,CAC
02/26/20,3139.9,3182.51,3108.99,3116.39,SPX
02/26/20,27159.46,27542.78,26890.97,26957.59,DJIA
02/26/21,31401.29,31450.89,30911.37,30932.37,DJIA
02/26/21,3839.66,3861.08,3789.54,3811.15,SPX
02/26/21,56.01,56.7,55.93,55.97,CAC
02/26/24,78.39,78.42,78.2,78.25,CAC
02/26/24,5093.0,5097.66,5068.91,5069.53,SPX
02/26/24,39144.79,39245.89,39025.8,39069.23,DJIA
02/27/20,3062.54,3097.07,2977.39,2978.76,SPX
02/27/20,54.66,54.96,53.16,53.91,CAC
02/27/20,26526.0,26775.31,25752.82,25766.64,DJIA
02/27/23,3992.36,4018.05,3973.55,3982.24,SPX
02/27/23,32906.16,33189.28,32814.18,32889.09,DJIA
02/27/23,71.36,72.07,71.34,71.75,CAC
02/27/24,39087.9,39087.9,38881.9,38972.41,DJIA
02/27/24,5074.6,5080.69,5057.29,5078.18,SPX
02/27/24,78.23,78.51,78.1,78.47,CAC
02/28/20,2916.9,2959.72,2855.84,2954.22,SPX
02/28/20,52.14,52.71,51.35,51.92,CAC
02/28/20,25270.83,25494.24,24681.01,25409.36,DJIA
02/28/22,4354.17,4388.84,4315.12,4373.94,SPX
02/28/22,33870.62,33963.63,33469.31,33892.6,DJIA
02/28/22,65.25,65.76,64.15,65.56,CAC
02/28/23,32873.47,32873.47,32636.43,32656.7,DJIA
02/28/23,3977.19,3997.5,3968.98,3970.15,SPX
02/28/23,71.42,71.96,71.27,71.48,CAC
02/28/24,38938.08,38956.46,38741.68,38949.02,DJIA
02/28/24,78.43,78.52,78.28,78.46,CAC
02/28/24,5067.2,5077.37,5058.35,5069.76,SPX
02/29/24,78.67,78.72,78.26,78.26,CAC
02/29/24,39013.75,39074.13,38809.28,38996.39,DJIA
02/29/24,5085.36,5104.99,5061.89,5096.27,SPX
03/01/21,56.88,57.05,56.71,56.94,CAC
03/01/21,3842.51,3914.5,3842.51,3901.82,SPX
03/01/21,31065.9,31668.34,31065.9,31535.51,DJIA
03/01/22,4363.14,4378.45,4279.54,4306.26,SPX
03/01/22,33813.48,33870.14,33107.67,33294.95,DJIA
03/01/22,65.51,65.53,63.04,63.04,CAC
03/01/23,3963.34,3971.73,3939.05,3951.39,SPX
03/01/23,32656.37,32746.15,32500.71,32661.84,DJIA
03/01/23,71.69,72.04,70.98,71.08,CAC
03/01/24,38989.51,39120.36,38850.5,39087.38,DJIA
03/01/24,5098.51,5140.33,5094.16,5137.08,SPX
03/01/24,78.55,78.55,77.97,78.24,CAC
03/02/20,52.96,53.31,51.03,52.41,CAC
03/02/20,2974.28,3090.96,2945.19,3090.23,SPX
03/02/20,25590.51,26706.17,25391.96,26703.32,DJIA
03/02/21,31535.37,31623.27,31377.16,31391.52,DJIA
03/02/21,3903.64,3906.41,3868.57,3870.29,SPX
03/02/21,56.86,57.35,56.82,57.13,CAC
03/02/22,62.53,64.42,62.12,64.04,CAC
03/02/22,33379.51,34013.67,33379.51,33891.35,DJIA
03/02/22,4322.56,4401.48,4322.56,4386.54,SPX
03/02/23,3938.68,3990.84,3928.16,3981.35,SPX
03/02/23,32780.97,33083.45,32665.85,33003.57,DJIA
03/02/23,70.63,71.62,70.47,71.59,CAC
03/03/20,26762.47,27084.59,25706.28,25917.41,DJIA
03/03/20,3096.46,3136.72,2976.63,3003.37,SPX
03/03/20,53.1,54.11,52.75,52.76,CAC
03/03/21,57.41,57.7,56.9,57.3,CAC
03/03/21,3863.99,3874.47,3818.86,3819.72,SPX
03/03/21,31352.96,31563.31,31260.14,31270.09,DJIA
03/03/22,33972.87,34179.07,33641.53,33794.66,DJIA
03/03/22,64.16,64.4,62.61,62.81,CAC
03/03/22,4401.31,4416.78,4345.56,4363.49,SPX
03/03/23,33076.33,33405.82,33008.41,33390.97,DJIA
03/03/23,72.0,72.3,71.87,72.27,CAC
03/03/23,3998.02,4048.29,3995.17,4045.64,SPX
03/04/20,3045.75,3130.97,3034.38,3130.12,SPX
03/04/20,52.81,53.95,52.63,53.67,CAC
03/04/20,26383.68,27102.34,26286.31,27090.86,DJIA
03/04/21,3818.53,3843.67,3723.34,3768.47,SPX
03/04/21,31289.01,31461.97,30547.53,30924.14,DJIA
03/04/21,57.19,57.44,56.99,57.38,CAC
03/04/22,4342.12,4342.12,4284.98,4328.87,SPX
03/04/22,61.9,62.18,59.83,59.84,CAC
03/04/22,33655.43,33655.43,33254.12,33614.8,DJIA
03/04/24,38968.77,39087.86,38913.3,38989.83,DJIA
03/04/24,5130.99,5149.67,5127.18,5130.95,SPX
03/04/24,78.22,78.46,78.1,78.46,CAC
03/05/20,53.84,53.88,52.37,52.73,CAC
03/05/20,3075.7,3083.04,2999.83,3023.94,SPX
03/05/20,26671.92,26671.92,25943.33,26121.28,DJIA
03/05/21,3793.58,3851.69,3730.19,3841.94,SPX
03/05/21,56.91,57.37,56.58,56.8,CAC
03/05/21,31029.18,31580.33,30766.81,31496.3,DJIA
03/05/24,5110.52,5114.54,5056.82,5078.65,SPX
03/05/24,38906.98,38906.98,38457.83,38585.19,DJIA
03/05/24,78.38,78.58,78.2,78.28,CAC
03/06/20,51.69,51.9,50.3,50.59,CAC
03/06/20,25457.21,25994.38,25226.62,25864.78,DJIA
03/06/20,2954.2,2985.93,2901.54,2972.37,SPX
03/06/23,33425.32,33572.22,33383.47,33431.44,DJIA
03/06/23,4055.15,4078.49,4044.61,4048.42,SPX
03/06/23,72.6,72.76,72.27,72.53,CAC
03/06/24,78.13,78.6,78.13,78.49,CAC
03/06/24,38721.15,38858.13,38570.8,38661.05,DJIA
03/06/24,5108.03,5127.97,5092.22,5104.76,SPX
03/07/22,57.28,60.15,56.67,58.85,CAC
03/07/22,4327.01,4327.01,4199.85,4201.09,SPX
03/07/22,33579.75,33579.75,32806.15,32817.38,DJIA
03/07/23,33428.31,33453.25,32838.21,32856.46,DJIA
03/07/23,72.25,72.72,72.15,72.2,CAC
03/07/23,4048.26,4050.0,3980.31,3986.37,SPX
03/07/24,5132.38,5165.62,5128.21,5157.36,SPX
03/07/24,38784.3,38910.35,38730.13,38791.35,DJIA
03/07/24,78.16,79.21,78.0,79.09,CAC
03/08/21,3844.39,3881.06,3819.25,3821.35,SPX
03/08/21,57.15,58.11,57.0,58.05,CAC
03/08/21,31512.15,32148.04,31512.15,31802.44,DJIA
03/08/22,4202.66,4276.94,4157.87,4170.7,SPX
03/08/22,32885.17,33402.98,32578.73,32632.64,DJIA
03/08/22,58.74,60.65,58.45,58.61,CAC
03/08/23,32872.08,32903.44,32612.7,32798.4,DJIA
03/08/23,71.98,72.26,71.85,72.05,CAC
03/08/23,3987.55,4000.41,3969.76,3992.01,SPX
03/08/24,79.09,79.4,79.0,79.23,CAC
03/08/24,5164.46,5189.26,5117.5,5123.69,SPX
03/08/24,38776.8,38971.15,38705.03,38722.69,DJIA
03/09/20,24992.36,24992.36,23706.07,23851.02,DJIA
03/09/20,2863.89,2863.89,2734.43,2746.56,SPX
03/09/20,46.54,47.99,46.1,46.36,CAC
03/09/21,3851.93,3903.76,3851.93,3875.44,SPX
03/09/21,31892.35,32150.32,31822.64,31832.74,DJIA
03/09/21,58.01,58.35,57.95,58.24,CAC
03/09/22,4223.1,4299.4,4223.1,4277.88,SPX
03/09/22,60.34,62.91,60.34,62.91,CAC
03/09/22,32860.42,33457.28,32860.42,33286.25,DJIA
03/09/23,3998.66,4017.81,3908.7,3918.32,SPX
03/09/23,71.89,72.1,71.55,71.96,CAC
03/09/23,32876.83,32990.46,32190.6,32254.86,DJIA
03/10/20,46.95,48.42,45.35,45.65,CAC
03/10/20,2813.48,2882.59,2734.0,2882.23,SPX
03/10/20,24453.0,25020.99,23690.34,25018.16,DJIA
03/10/21,58.18,58.9,58.18,58.86,CAC
03/10/21,31906.96,32389.5,31906.96,32297.02,DJIA
03/10/21,3891.99,3917.35,3885.73,3898.81,SPX
03/10/22,33106.77,33236.59,32819.76,33174.07,DJIA
03/10/22,4252.55,4268.28,4209.8,4259.52,SPX
03/10/22,62.33,62.48,60.7,61.1,CAC
03/10/23,70.56,71.3,70.47,71.01,CAC
03/10/23,32185.14,32422.1,31783.41,31909.64,DJIA
03/10/23,3912.77,3934.05,3846.32,3861.59,SPX
03/11/20,2825.6,2825.6,2707.22,2741.38,SPX
03/11/20,46.31,46.83,45.21,45.29,CAC
03/11/20,24604.63,24604.63,23328.32,23553.22,DJIA
03/11/21,3915.54,3960.27,3915.54,3939.34,SPX
03/11/21,32354.5,32661.59,32345.7,32485.59,DJIA
03/11/21,59.16,59.29,58.94,59.28,CAC
03/11/22,61.3,63.55,60.67,61.64,CAC
03/11/22,4279.5,4291.01,4200.49,4204.31,SPX
03/11/22,33279.72,33515.61,32911.89,32944.19,DJIA
03/11/24,38667.21,38794.76,38483.25,38769.66,DJIA
03/11/24,5111.96,5124.66,5091.14,5117.94,SPX
03/11/24,78.82,79.12,78.8,79.12,CAC
03/12/20,2630.86,2660.95,2478.86,2480.64,SPX
03/12/20,22184.71,22837.95,21154.46,21200.62,DJIA
03/12/20,43.03,43.16,39.6,39.85,CAC
03/12/21,59.22,59.42,59.13,59.38,CAC
03/12/21,3924.52,3944.99,3915.21,3943.34,SPX
03/12/21,32462.4,32793.32,32462.4,32778.64,DJIA
03/12/24,79.46,79.86,79.0,79.82,CAC
03/12/24,38883.32,39071.56,38711.39,39005.49,DJIA
03/12/24,5134.3,5179.87,5114.48,5175.27,SPX
03/13/20,21973.82,23189.76,21285.37,23185.62,DJIA
03/13/20,2569.99,2711.33,2492.37,2711.02,SPX
03/13/20,41.72,43.6,39.79,40.57,CAC
03/13/23,70.57,70.65,68.66,68.94,CAC
03/13/23,31819.93,32240.35,31624.87,31819.14,DJIA
03/13/23,3835.12,3905.05,3808.86,3855.76,SPX
03/13/24,5173.49,5179.14,5151.88,5165.31,SPX
03/13/24,39054.58,39201.94,38937.92,39043.32,DJIA
03/13/24,79.94,80.46,79.82,80.34,CAC
03/14/22,61.74,63.09,61.72,62.68,CAC
03/14/22,33000.37,33395.59,32818.16,32945.24,DJIA
03/14/22,4202.75,4247.57,4161.72,4173.11,SPX
03/14/23,32055.29,32306.59,31805.4,32155.4,DJIA
03/14/23,69.05,70.44,68.75,70.26,CAC
03/14/23,3894.01,3937.29,3873.63,3919.29,SPX
03/14/24,39122.39,39160.25,38704.36,38905.66,DJIA
03/14/24,80.6,81.0,80.22,80.3,CAC
03/14/24,5175.14,5176.85,5123.3,5150.48,SPX
03/15/21,59.69,59.85,59.16,59.27,CAC
03/15/21,32798.84,32973.4,32629.75,32953.46,DJIA
03/15/21,3942.96,3970.08,3923.54,3968.94,SPX
03/15/22,4188.82,4271.05,4187.9,4262.45,SPX
03/15/22,61.86,62.83,61.11,62.54,CAC
03/15/22,32989.27,33620.84,32989.27,33544.34,DJIA
03/15/23,69.89,69.98,67.47,67.7,CAC
03/15/23,3876.74,3894.26,3838.24,3891.93,SPX
03/15/23,31759.87,31906.47,31429.82,31874.57,DJIA
03/15/24,38809.65,38928.13,38618.2,38714.77,DJIA
03/15/24,80.32,80.87,80.32,80.43,CAC
03/15/24,5123.31,5136.86,5104.35,5117.09,SPX
03/16/20,38.49,39.03,35.7,38.27,CAC
03/16/20,2508.59,2562.98,2380.94,2386.13,SPX
03/16/20,20917.53,21768.28,20116.46,20188.52,DJIA
03/16/21,3973.59,3981.04,3953.44,3962.71,SPX
03/16/21,59.45,59.56,59.33,59.51,CAC
03/16/21,32966.75,32966.75,32778.23,32825.95,DJIA
03/16/22,63.95,65.66,63.77,64.86,CAC
03/16/22,4288.14,4358.9,4251.99,4357.86,SPX
03/16/22,33653.93,34075.94,33391.24,34063.1,DJIA
03/16/23,68.87,69.46,67.7,69.11,CAC
03/16/23,31827.65,32281.61,31571.46,32246.55,DJIA
03/16/23,3878.93,3964.46,3864.11,3960.28,SPX
03/17/20,39.59,39.62,37.0,39.23,CAC
03/17/20,20487.05,21379.35,19882.26,21237.38,DJIA
03/17/20,2425.66,2553.93,2367.04,2529.19,SPX
03/17/21,59.5,59.6,59.35,59.53,CAC
03/17/21,32825.52,33047.58,32782.18,33015.37,DJIA
03/17/21,3949.57,3983.87,3935.74,3974.12,SPX
03/17/22,4345.11,4412.67,4335.65,4411.67,SPX
03/17/22,65.23,65.29,64.3,65.08,CAC
03/17/22,33995.39,34483.92,33896.06,34480.76,DJIA
03/17/23,3958.69,3958.91,3901.27,3916.64,SPX
03/17/23,32217.32,32217.32,31728.7,31861.98,DJIA
03/17/23,69.73,69.89,67.82,68.18,CAC
03/18/20,2436.5,2453.57,2280.52,2398.1,SPX
03/18/20,20188.69,20489.33,18917.46,19898.92,DJIA
03/18/20,38.52,38.52,36.67,36.8,CAC
03/18/21,32928.16,33227.78,32831.25,32862.3,DJIA
03/18/21,3953.5,3969.62,3910.86,3915.46,SPX
03/18/21,59.73,59.77,59.41,59.56,CAC
03/18/22,64.9,65.18,63.93,65.18,CAC
03/18/22,34466.72,34755.2,34279.83,34754.93,DJIA
03/18/22,4407.34,4465.4,4390.57,4463.12,SPX
03/18/24,80.53,80.59,80.11,80.27,CAC
03/18/24,38826.93,38898.41,38760.79,38790.43,DJIA
03/18/24,5154.77,5175.6,5145.47,5149.42,SPX
03/19/20,37.55,38.5,36.3,37.69,CAC
03/19/20,2393.48,2466.97,2319.78,2409.39,SPX
03/19/20,19830.01,20442.63,19177.13,20087.19,DJIA
03/19/21,59.09,59.4,58.85,58.94,CAC
03/19/21,32858.36,32858.36,32505.07,32627.97,DJIA
03/19/21,3913.14,3930.12,3886.75,3913.1,SPX
03/19/24,38819.61,39122.71,38761.28,39110.76,DJIA
03/19/24,5139.09,5180.31,5131.59,5178.51,SPX
03/19/24,80.27,80.91,80.2,80.88,CAC
03/20/20,2431.94,2453.01,2295.56,2304.92,SPX
03/20/20,40.24,40.48,39.16,39.85,CAC
03/20/20,20253.15,20531.26,19094.27,19173.98,DJIA
03/20/23,31872.33,32280.07,31872.33,32244.58,DJIA
03/20/23,68.09,69.37,66.9,69.04,CAC
03/20/23,3917.47,3956.62,3916.89,3951.57,SPX
03/20/24,5181.69,5226.19,5171.55,5224.62,SPX
03/20/24,80.23,80.63,80.2,80.58,CAC
03/20/24,39072.05,39529.13,38988.65,39512.13,DJIA
03/21/22,4462.4,4481.75,4424.3,4461.18,SPX
03/21/22,34669.85,34808.28,34341.81,34552.99,DJIA
03/21/22,65.12,65.35,64.7,64.79,CAC
03/21/23,32420.71,32593.68,32346.12,32560.6,DJIA
03/21/23,69.73,70.36,69.69,70.04,CAC
03/21/23,3975.89,4009.08,3971.19,4002.87,SPX
03/21/24,39661.03,39889.05,39589.23,39781.37,DJIA
03/21/24,5253.43,5261.1,5240.66,5241.53,SPX
03/21/24,81.23,81.23,80.38,80.76,CAC
03/22/21,3916.48,3955.31,3914.16,3940.59,SPX
03/22/21,32601.82,32810.35,32512.53,32731.2,DJIA
03/22/21,58.49,58.83,58.4,58.7,CAC
03/22/22,4469.1,4522.0,4469.1,4511.61,SPX
03/22/22,64.93,65.7,64.89,65.6,CAC
03/22/22,34583.24,34882.03,34583.24,34807.46,DJIA
03/22/23,4002.04,4039.49,3936.17,3936.97,SPX
03/22/23,69.93,70.5,69.8,70.25,CAC
03/22/23,32570.19,32761.89,32020.46,32030.11,DJIA
03/22/24,39774.06,39824.76,39469.53,39475.9,DJIA
03/22/24,80.5,80.73,80.28,80.44,CAC
03/22/24,5242.48,5246.09,5229.87,5234.18,SPX
03/23/20,19028.36,19121.01,18213.65,18591.93,DJIA
03/23/20,37.92,40.6,37.7,38.44,CAC
03/23/20,2290.71,2300.73,2191.86,2237.4,SPX
03/23/21,32691.5,32753.77,32356.28,32423.15,DJIA
03/23/21,3937.6,3949.13,3901.57,3910.52,SPX
03/23/21,58.37,58.68,58.2,58.46,CAC
03/23/22,65.57,65.87,64.65,64.87,CAC
03/23/22,34748.84,34748.84,34352.96,34358.5,DJIA
03/23/22,4493.1,4501.07,4455.81,4456.24,SPX
03/23/23,3959.21,4007.66,3919.05,3948.72,SPX
03/23/23,70.19,70.46,69.71,70.31,CAC
03/23/23,32101.49,32511.49,31864.74,32105.25,DJIA
03/24/20,40.31,41.5,39.64,41.5,CAC
03/24/20,19722.19,20737.7,19649.25,20704.91,DJIA
03/24/20,2344.44,2449.71,2344.44,2447.33,SPX
03/24/21,32470.88,32787.99,32418.15,32420.06,DJIA
03/24/21,57.94,58.48,57.9,58.42,CAC
03/24/21,3919.93,3942.08,3889.07,3889.14,SPX
03/24/22,65.06,65.35,64.48,64.71,CAC
03/24/22,34406.81,34713.56,34355.42,34707.94,DJIA
03/24/22,4469.98,4520.58,4465.17,4520.16,SPX
03/24/23,32038.22,32257.24,31805.18,32237.53,DJIA
03/24/23,3939.21,3972.74,3909.16,3970.99,SPX
03/24/23,69.87,69.87,68.5,69.1,CAC
03/25/20,2457.77,2571.42,2407.53,2475.56,SPX
03/25/20,42.64,43.72,41.4,43.5,CAC
03/25/20,21050.34,22019.93,20538.34,21200.55,DJIA
03/25/21,58.16,58.58,57.95,58.58,CAC
03/25/21,3879.34,3919.54,3853.5,3909.52,SPX
03/25/21,32346.81,32672.69,32071.41,32619.48,DJIA
03/25/22,4522.91,4546.03,4501.07,4543.06,SPX
03/25/22,34702.39,34942.7,34631.52,34861.24,DJIA
03/25/22,64.8,65.23,64.5,64.67,CAC
03/25/24,80.48,80.63,79.98,80.5,CAC
03/25/24,5219.52,5229.09,5216.09,5218.19,SPX
03/25/24,39410.54,39430.17,39296.03,39313.64,DJIA
03/26/20,42.55,44.52,42.17,44.52,CAC
03/26/20,21468.38,22595.06,21427.1,22552.17,DJIA
03/26/20,2501.29,2637.01,2500.72,2630.07,SPX
03/26/21,3917.12,3978.19,3917.12,3974.54,SPX
03/26/21,32681.07,33098.83,32681.07,33072.88,DJIA
03/26/21,58.92,59.08,58.71,58.92,CAC
03/26/24,39338.32,39439.44,39277.19,39282.33,DJIA
03/26/24,5228.85,5235.16,5203.42,5203.58,SPX
03/26/24,80.58,80.84,80.34,80.84,CAC
03/27/20,43.74,43.87,42.02,42.72,CAC
03/27/20,21898.47,22327.57,21469.27,21636.78,DJIA
03/27/20,2555.87,2615.91,2520.02,2541.47,SPX
03/27/23,32276.72,32564.0,32276.72,32432.08,DJIA
03/27/23,70.13,70.16,69.3,69.73,CAC
03/27/23,3982.93,4003.83,3970.49,3977.53,SPX
03/27/24,39461.98,39769.41,39461.98,39760.08,DJIA
03/27/24,80.8,81.22,80.67,80.96,CAC
03/27/24,5226.31,5249.26,5213.92,5248.49,SPX
03/28/22,4541.09,4575.65,4517.69,4575.52,SPX
03/28/22,34833.03,34957.93,34552.23,34955.89,DJIA
03/28/22,65.11,65.88,64.93,64.93,CAC
03/28/23,3974.13,3979.2,3951.53,3971.27,SPX
03/28/23,32434.85,32551.01,32295.5,32394.25,DJIA
03/28/23,70.35,70.37,69.57,69.82,CAC
03/28/24,81.14,81.4,80.97,80.97,CAC
03/28/24,39763.74,39868.59,39717.25,39807.37,DJIA
03/28/24,5248.03,5264.85,5245.82,5254.35,SPX
03/29/21,59.11,59.33,58.92,59.25,CAC
03/29/21,3969.31,3981.83,3943.25,3971.09,SPX
03/29/21,33087.55,33259.0,32905.13,33171.37,DJIA
03/29/22,4602.86,4637.3,4589.66,4631.6,SPX
03/29/22,65.85,67.3,65.7,66.9,CAC
03/29/22,35114.35,35372.26,35030.07,35294.19,DJIA
03/29/23,32566.54,32728.04,32539.94,32717.6,DJIA
03/29/23,3999.53,4030.59,3999.53,4027.81,SPX
03/29/23,70.24,70.87,70.22,70.78,CAC
03/30/20,42.73,43.08,41.41,43.08,CAC
03/30/20,2558.98,2631.8,2545.28,2626.65,SPX
03/30/20,21678.22,22378.09,21522.08,22327.48,DJIA
03/30/21,59.54,59.97,59.46,59.92,CAC
03/30/21,3963.34,3968.01,3944.35,3958.55,SPX
03/30/21,33127.88,33170.93,32988.92,33066.96,DJIA
03/30/22,4624.2,4627.77,4581.32,4602.45,SPX
03/30/22,66.58,66.73,66.09,66.44,CAC
03/30/22,35273.63,35361.36,35058.58,35228.81,DJIA
03/30/23,4046.74,4057.85,4032.1,4050.83,SPX
03/30/23,71.22,71.82,71.18,71.57,CAC
03/30/23,32807.43,32905.8,32682.87,32859.03,DJIA
03/31/20,22208.42,22480.37,21852.08,21917.16,DJIA
03/31/20,43.54,43.95,42.33,43.25,CAC
03/31/20,2614.69,2641.39,2571.15,2584.59,SPX
03/31/21,3967.25,3994.41,3966.98,3972.89,SPX
03/31/21,59.87,60.03,59.63,59.63,CAC
03/31/21,33116.04,33173.77,32980.57,32981.55,DJIA
03/31/22,66.62,66.75,65.6,65.62,CAC
03/31/22,4599.02,4603.07,4530.41,4530.41,SPX
03/31/22,35201.52,35201.52,34677.99,34678.35,DJIA
03/31/23,32901.96,33291.0,32901.96,33274.15,DJIA
03/31/23,71.67,72.29,71.51,72.13,CAC
03/31/23,4056.18,4110.75,4056.18,4109.31,SPX
04/01/20,41.85,41.98,41.15,41.4,CAC
04/01/20,2498.08,2522.75,2447.49,2470.5,SPX
04/01/20,21227.38,21487.24,20784.43,20943.51,DJIA
04/01/21,33054.58,33167.17,32985.35,33153.21,DJIA
04/01/21,3992.78,4020.63,3992.78,4019.87,SPX
04/01/21,59.74,60.09,59.72,60.06,CAC
04/01/22,34740.89,34847.91,34538.25,34818.27,DJIA
04/01/22,4540.32,4548.7,4507.57,4545.86,SPX
04/01/22,65.59,66.12,65.37,65.91,CAC
04/01/24,5257.97,5263.95,5229.2,5243.77,SPX
04/01/24,39807.93,39815.0,39491.22,39566.85,DJIA
04/02/20,2458.54,2533.22,2455.79,2526.9,SPX
04/02/20,20819.46,21477.77,20735.02,21413.44,DJIA
04/02/20,41.56,41.94,40.74,41.58,CAC
04/02/24,39256.27,39256.27,39051.7,39170.24,DJIA
04/02/24,81.0,81.39,80.0,80.06,CAC
04/02/24,5204.29,5208.34,5184.05,5205.81,SPX
04/03/20,41.44,41.46,40.76,40.93,CAC
04/03/20,21285.93,21447.81,20863.09,21052.53,DJIA
04/03/20,2514.92,2538.18,2459.96,2488.65,SPX
04/03/23,33245.78,33632.9,33245.78,33601.15,DJIA
04/03/23,72.25,72.5,72.22,72.37,CAC
04/03/23,4102.2,4127.66,4098.79,4124.51,SPX
04/03/24,5194.37,5228.75,5194.37,5211.49,SPX
04/03/24,39139.59,39305.76,39017.13,39127.14,DJIA
04/03/24,80.13,80.45,79.99,80.34,CAC
04/04/22,4547.97,4583.5,4539.21,4582.64,SPX
04/04/22,34799.98,34940.78,34615.38,34921.88,DJIA
04/04/22,66.16,66.48,65.5,66.36,CAC
04/04/23,72.68,72.87,72.34,72.35,CAC
04/04/23,33594.79,33634.72,33275.62,33402.38,DJIA
04/04/23,4128.03,4133.13,4086.87,4100.6,SPX
04/04/24,5244.05,5256.59,5146.06,5147.21,SPX
04/04/24,80.41,80.71,80.19,80.38,CAC
04/04/24,39343.6,39421.35,38559.42,38596.98,DJIA
04/05/21,33222.38,33617.95,33222.38,33527.19,DJIA
04/05/21,4034.44,4083.42,4034.44,4077.91,SPX
04/05/22,4572.45,4593.45,4514.17,4525.12,SPX
04/05/22,34876.33,35112.21,34566.04,34641.18,DJIA
04/05/22,66.28,66.4,65.1,65.47,CAC
04/05/23,4094.5,4099.69,4072.56,4090.38,SPX
04/05/23,33394.6,33543.84,33376.27,33482.72,DJIA
04/05/23,72.34,72.45,71.89,72.02,CAC
04/05/24,5158.95,5222.18,5157.21,5204.34,SPX
04/05/24,38664.98,39040.17,38602.18,38904.04,DJIA
04/05/24,79.34,79.44,78.82,79.41,CAC
04/06/20,2578.28,2676.85,2574.57,2663.68,SPX
04/06/20,21693.63,22783.45,21693.63,22679.99,DJIA
04/06/20,42.39,42.76,41.96,42.7,CAC
04/06/21,60.52,60.6,60.3,60.36,CAC
04/06/21,33500.02,33544.79,33380.43,33430.24,DJIA
04/06/21,4075.57,4086.23,4068.14,4073.94,SPX
04/06/22,4494.17,4503.94,4450.04,4481.15,SPX
04/06/22,34520.34,34609.84,34277.17,34496.51,DJIA
04/06/22,65.19,65.41,63.47,64.07,CAC
04/06/23,33420.96,33525.96,33325.37,33485.29,DJIA
04/06/23,72.05,72.28,72.0,72.13,CAC
04/06/23,4081.58,4107.32,4069.84,4105.02,SPX
04/07/20,23537.44,23617.24,22634.45,22653.86,DJIA
04/07/20,2738.65,2756.89,2657.67,2659.41,SPX
04/07/20,44.06,44.5,43.1,43.65,CAC
04/07/21,4074.29,4083.13,4068.31,4079.95,SPX
04/07/21,60.29,60.57,60.24,60.34,CAC
04/07/21,33444.98,33521.76,33347.96,33446.26,DJIA
04/07/22,4474.65,4521.16,4450.3,4500.21,SPX
04/07/22,64.43,64.78,63.5,63.66,CAC
04/07/22,34439.24,34705.83,34190.95,34583.57,DJIA
04/08/20,22893.47,23513.4,22682.99,23433.57,DJIA
04/08/20,2685.0,2760.75,2663.3,2749.98,SPX
04/08/20,43.06,43.65,42.59,43.65,CAC
04/08/21,60.56,60.74,60.53,60.67,CAC
04/08/21,33469.89,33506.8,33342.64,33503.57,DJIA
04/08/21,4089.95,4098.19,4082.54,4097.17,SPX
04/08/22,64.39,64.84,63.96,64.47,CAC
04/08/22,4494.15,4520.41,4474.6,4488.28,SPX
04/08/22,34569.24,34908.46,34470.19,34721.12,DJIA
04/08/24,79.48,80.25,79.45,80.02,CAC
04/08/24,38916.42,39013.2,38857.7,38892.8,DJIA
04/08/24,5211.37,5219.57,5197.35,5202.39,SPX
04/09/20,44.25,44.61,43.29,44.22,CAC
04/09/20,23690.66,24008.99,23504.09,23719.37,DJIA
04/09/20,2776.99,2818.57,2762.36,2789.82,SPX
04/09/21,60.68,60.89,60.62,60.71,CAC
04/09/21,33526.19,33810.87,33526.19,33800.6,DJIA
04/09/21,4096.11,4129.48,4095.51,4128.8,SPX
04/09/24,38983.66,38992.89,38572.09,38883.67,DJIA
04/09/24,5217.03,5224.81,5160.78,5209.91,SPX
04/09/24,79.71,79.85,79.2,79.32,CAC
04/10/23,4085.2,4109.5,4072.55,4109.11,SPX
04/10/23,33425.25,33590.24,33343.43,33586.52,DJIA
04/10/24,5167.88,5178.43,5138.7,5160.64,SPX
04/10/24,79.7,79.84,78.6,79.26,CAC
04/10/24,38662.28,38662.28,38304.66,38461.51,DJIA
04/11/22,64.52,65.16,64.04,64.59,CAC
04/11/22,34630.27,34701.34,34272.29,34308.08,DJIA
04/11/22,4462.64,4464.35,4408.38,4412.53,SPX
04/11/23,4110.29,4124.26,4102.61,4108.94,SPX
04/11/23,33586.75,33781.29,33586.75,33684.79,DJIA
04/11/23,72.73,72.88,72.61,72.76,CAC
04/11/24,38523.26,38598.98,38197.28,38459.08,DJIA
04/11/24,79.38,79.72,78.58,79.02,CAC
04/11/24,5172.95,5211.78,5138.77,5199.06,SPX
04/12/21,4124.71,4131.76,4114.82,4127.99,SPX
04/12/21,60.56,60.82,60.55,60.63,CAC
04/12/21,33775.06,33786.19,33665.54,33745.4,DJIA
04/12/22,34412.51,34669.97,34102.81,34220.36,DJIA
04/12/22,63.44,64.71,63.25,64.39,CAC
04/12/22,4437.59,4471.0,4381.34,4397.45,SPX
04/12/23,72.77,73.46,72.75,72.82,CAC
04/12/23,4121.72,4134.37,4086.94,4091.95,SPX
04/12/23,33764.21,33895.43,33593.32,33646.5,DJIA
04/12/24,5171.51,5175.03,5107.94,5123.41,SPX
04/12/24,79.81,79.96,78.63,78.9,CAC
04/12/24,38319.14,38319.14,37877.3,37983.24,DJIA
04/13/20,23698.93,23698.93,23095.35,23390.77,DJIA
04/13/20,2782.46,2782.46,2721.17,2761.63,SPX
04/13/21,33721.16,33741.64,33545.84,33677.27,DJIA
04/13/21,60.77,60.94,60.6,60.87,CAC
04/13/21,4130.1,4148.0,4124.43,4141.59,SPX
04/13/22,64.29,64.55,63.82,64.39,CAC
04/13/22,34166.64,34598.36,34140.64,34564.59,DJIA
04/13/22,4394.3,4453.92,4392.7,4446.59,SPX
04/13/23,4100.04,4150.26,4099.4,4146.22,SPX
04/13/23,33668.97,34054.99,33605.17,34029.69,DJIA
04/13/23,73.37,73.7,73.37,73.63,CAC
04/14/20,44.67,44.96,44.16,44.44,CAC
04/14/20,23690.57,24040.58,23683.44,23949.76,DJIA
04/14/20,2805.1,2851.85,2805.1,2846.06,SPX
04/14/21,4141.58,4151.69,4120.87,4124.66,SPX
04/14/21,61.1,61.19,60.96,61.1,CAC
04/14/21,33668.95,33911.25,33668.95,33730.89,DJIA
04/14/22,4449.12,4460.46,4390.77,4392.59,SPX
04/14/22,64.66,65.05,64.4,64.94,CAC
04/14/22,34628.46,34889.17,34437.5,34451.23,DJIA
04/14/23,33981.71,34082.94,33730.85,33886.47,DJIA
04/14/23,4140.11,4163.19,4113.2,4137.64,SPX
04/14/23,73.84,74.15,73.73,74.03,CAC
04/15/20,44.45,44.45,42.56,42.72,CAC
04/15/20,23600.72,23649.72,23233.32,23504.35,DJIA
04/15/20,2795.64,2801.88,2761.54,2783.36,SPX
04/15/21,4139.76,4173.49,4139.76,4170.42,SPX
04/15/21,33788.53,34068.73,33788.53,34035.99,DJIA
04/15/21,61.18,61.45,61.16,61.35,CAC
04/15/24,5149.67,5168.43,5052.47,5061.82,SPX
04/15/24,38075.38,38386.81,37657.79,37735.11,DJIA
04/15/24,79.44,80.0,79.05,79.22,CAC
04/16/20,43.26,43.39,42.46,42.72,CAC
04/16/20,23543.66,23598.08,23211.38,23537.68,DJIA
04/16/20,2799.34,2806.51,2764.32,2799.55,SPX
04/16/21,61.43,62.0,61.43,61.94,CAC
04/16/21,34058.16,34256.75,34058.16,34200.67,DJIA
04/16/21,4174.14,4191.31,4170.75,4185.47,SPX
04/16/24,37992.22,37992.22,37713.7,37798.97,DJIA
04/16/24,78.03,78.59,77.87,78.05,CAC
04/16/24,5064.59,5079.84,5039.83,5051.41,SPX
04/17/20,44.1,44.62,43.87,44.12,CAC
04/17/20,23817.15,24264.21,23817.15,24242.49,DJIA
04/17/20,2842.43,2879.22,2830.88,2874.56,SPX
04/17/23,4137.17,4151.72,4123.18,4151.32,SPX
04/17/23,74.2,74.38,73.84,73.87,CAC
04/17/23,33930.46,33991.23,33796.91,33987.18,DJIA
04/17/24,78.5,79.38,78.5,78.67,CAC
04/17/24,5068.97,5077.96,5007.25,5022.21,SPX
04/17/24,37949.67,38036.7,37611.56,37753.31,DJIA
04/18/22,34411.49,34618.29,34279.08,34411.69,DJIA
04/18/22,4385.63,4410.31,4370.3,4391.69,SPX
04/18/23,4164.26,4169.48,4140.36,4154.87,SPX
04/18/23,74.08,74.47,74.0,74.23,CAC
04/18/23,33965.16,34018.62,33791.89,33976.63,DJIA
04/18/24,79.01,79.24,78.64,79.08,CAC
04/18/24,37847.21,38083.76,37681.52,37775.38,DJIA
04/18/24,5031.52,5056.66,5001.89,5011.12,SPX
04/19/21,61.98,62.18,61.97,61.97,CAC
04/19/21,34182.38,34182.38,33980.56,34077.63,DJIA
04/19/21,4179.8,4180.81,4150.47,4163.26,SPX
04/19/22,4390.63,4471.03,4390.63,4462.21,SPX
04/19/22,34394.62,34983.11,34394.62,34911.2,DJIA
04/19/22,64.47,64.77,64.05,64.47,CAC
04/19/23,4139.33,4162.57,4134.49,4154.52,SPX
04/19/23,74.18,74.46,74.02,74.4,CAC
04/19/23,33889.83,33957.98,33814.65,33897.01,DJIA
04/19/24,78.59,79.18,78.3,79.05,CAC
04/19/24,37801.98,38102.57,37781.61,37986.4,DJIA
04/19/24,5005.44,5019.02,4953.56,4967.23,SPX
04/20/20,44.31,44.44,43.48,44.44,CAC
04/20/20,24095.1,24108.69,23627.19,23650.44,DJIA
04/20/20,2845.62,2868.98,2820.43,2823.16,SPX
04/20/21,34034.18,34034.18,33687.01,33821.3,DJIA
04/20/21,4159.18,4159.18,4118.38,4134.94,SPX
04/20/21,61.86,61.95,60.65,60.69,CAC
04/20/22,4472.26,4488.29,4448.76,4459.45,SPX
04/20/22,64.6,65.45,64.58,65.34,CAC
04/20/22,34962.67,35315.4,34962.67,35160.79,DJIA
04/20/23,4130.48,4148.57,4114.57,4129.79,SPX
04/20/23,33740.6,33875.39,33677.74,33786.62,DJIA
04/20/23,74.32,74.37,73.96,74.27,CAC
04/21/20,43.94,43.94,42.86,42.86,CAC
04/21/20,23365.25,23365.25,22941.88,23018.88,DJIA
04/21/20,2784.81,2785.54,2727.1,2736.56,SPX
04/21/21,60.99,61.34,60.9,61.24,CAC
04/21/21,33808.3,34160.34,33773.8,34137.31,DJIA
04/21/21,4128.42,4175.02,4126.35,4173.42,SPX
04/21/22,4489.17,4512.94,4384.47,4393.66,SPX
04/21/22,65.59,66.62,65.59,66.2,CAC
04/21/22,35258.8,35492.22,34723.82,34792.76,DJIA
04/21/23,33793.6,33858.83,33688.57,33808.96,DJIA
04/21/23,4132.14,4138.02,4113.86,4133.52,SPX
04/21/23,74.38,74.64,74.06,74.64,CAC
04/22/20,42.99,43.42,42.87,43.36,CAC
04/22/20,2787.89,2815.1,2775.95,2799.31,SPX
04/22/20,23437.34,23613.1,23339.6,23475.82,DJIA
04/22/21,34109.88,34126.57,33717.19,33815.9,DJIA
04/22/21,4170.46,4179.57,4123.69,4134.98,SPX
04/22/21,61.45,61.83,61.45,61.75,CAC
04/22/22,4385.83,4385.83,4267.62,4271.78,SPX
04/22/22,65.29,65.6,64.85,64.9,CAC
04/22/22,34727.38,34727.38,33773.39,33811.4,DJIA
04/22/24,4987.33,5038.84,4969.4,5010.6,SPX
04/22/24,79.18,79.88,79.06,79.4,CAC
04/22/24,38116.89,38447.16,37985.07,38239.98,DJIA
04/23/20,23543.09,23885.36,23483.35,23515.26,DJIA
04/23/20,2810.42,2844.9,2794.26,2797.8,SPX
04/23/20,43.72,44.16,43.21,43.79,CAC
04/23/21,33804.52,34157.57,33713.29,34043.49,DJIA
04/23/21,4138.78,4194.17,4138.78,4180.17,SPX
04/23/21,61.72,61.88,61.37,61.7,CAC
04/23/24,5028.85,5076.12,5027.96,5070.55,SPX
04/23/24,79.83,80.22,79.67,80.22,CAC
04/23/24,38356.07,38561.5,38297.72,38503.69,DJIA
04/24/20,23628.24,23826.0,23417.68,23775.27,DJIA
04/24/20,2812.64,2842.71,2791.76,2836.74,SPX
04/24/20,43.11,43.7,42.92,43.21,CAC
04/24/23,4132.07,4142.41,4117.77,4137.04,SPX
04/24/23,33805.04,33891.15,33726.09,33875.4,DJIA
04/24/23,74.58,74.77,74.5,74.74,CAC
04/24/24,38552.79,38552.79,38310.55,38460.92,DJIA
04/24/24,80.12,80.58,79.92,80.05,CAC
04/24/24,5084.86,5089.48,5047.02,5071.63,SPX
04/25/22,4255.34,4299.02,4200.82,4296.12,SPX
04/25/22,63.71,64.24,63.28,63.75,CAC
04/25/22,33731.65,34106.01,33323.37,34049.46,DJIA
04/25/23,4126.43,4126.43,4071.38,4071.63,SPX
04/25/23,33828.34,33875.49,33525.39,33530.83,DJIA
04/25/23,74.39,74.56,74.24,74.51,CAC
04/25/24,38052.09,38157.22,37754.38,38085.8,DJIA
04/25/24,5019.88,5057.75,4990.58,5048.42,SPX
04/25/24,80.09,80.09,78.74,79.33,CAC
04/26/21,34044.23,34148.94,33941.37,33981.57,DJIA
04/26/21,61.54,61.96,61.47,61.82,CAC
04/26/21,4185.03,4194.19,4182.36,4187.62,SPX
04/26/22,4278.14,4278.14,4175.04,4175.2,SPX
04/26/22,64.38,64.72,63.58,63.58,CAC
04/26/22,33907.49,33909.51,33230.95,33240.18,DJIA
04/26/23,74.18,74.29,73.51,73.91,CAC
04/26/23,33596.34,33645.83,33235.85,33301.87,DJIA
04/26/23,4087.78,4089.67,4049.35,4055.99,SPX
04/26/24,5084.65,5114.62,5073.14,5099.96,SPX
04/26/24,79.77,80.35,79.48,80.13,CAC
04/26/24,38114.7,38337.64,38065.05,38239.66,DJIA
04/27/20,2854.65,2887.72,2852.89,2878.48,SPX
04/27/20,23866.15,24207.65,23840.61,24133.78,DJIA
04/27/20,44.03,44.21,43.75,44.21,CAC
04/27/21,4188.25,4193.35,4176.22,4186.72,SPX
04/27/21,61.85,61.96,61.72,61.87,CAC
04/27/21,33932.13,34043.98,33870.46,33984.93,DJIA
04/27/22,4186.52,4240.71,4162.9,4183.96,SPX
04/27/22,33450.92,33697.18,33108.89,33301.93,DJIA
04/27/22,63.66,64.2,62.9,63.94,CAC
04/27/23,33381.66,33859.75,33374.65,33826.16,DJIA
04/27/23,4075.29,4138.24,4075.29,4135.35,SPX
04/27/23,73.78,74.32,73.78,74.12,CAC
04/28/20,24357.17,24512.24,24031.2,24101.55,DJIA
04/28/20,44.3,45.22,44.18,44.9,CAC
04/28/20,2909.96,2921.15,2860.71,2863.39,SPX
04/28/21,33860.46,33946.6,33805.56,33820.38,DJIA
04/28/21,62.07,62.33,61.97,62.19,CAC
04/28/21,4185.14,4201.53,4181.78,4183.18,SPX
04/28/22,64.6,65.19,63.85,64.54,CAC
04/28/22,4222.58,4308.45,4188.63,4287.5,SPX
04/28/22,33425.96,34054.79,33248.46,33916.39,DJIA
04/28/23,74.39,74.39,73.41,74.29,CAC
04/28/23,33797.43,34104.56,33728.4,34098.16,DJIA
04/28/23,4129.63,4170.06,4127.18,4169.48,SPX
04/29/20,24490.37,24764.77,24453.99,24633.86,DJIA
04/29/20,2918.46,2954.86,2912.16,2939.51,SPX
04/29/20,45.04,45.97,44.82,45.9,CAC
04/29/21,33855.64,34087.21,33744.28,34060.36,DJIA
04/29/21,62.49,62.63,62.03,62.18,CAC
04/29/21,4206.14,4218.78,4176.81,4211.47,SPX
04/29/22,33787.01,33919.59,32913.15,32977.21,DJIA
04/29/22,4253.75,4269.68,4124.28,4131.93,SPX
04/29/22,64.95,65.4,64.7,64.77,CAC
04/29/24,5114.13,5123.49,5088.65,5116.17,SPX
04/29/24,38282.16,38406.2,38215.47,38386.09,DJIA
04/29/24,80.41,80.5,79.9,79.9,CAC
04/30/20,2930.91,2930.91,2892.47,2912.43,SPX
04/30/20,24585.57,24585.57,24186.9,24345.72,DJIA
04/30/20,46.15,46.37,44.8,44.84,CAC
04/30/21,33988.75,33988.75,33784.96,33874.85,DJIA
04/30/21,4198.1,4198.1,4174.85,4181.17,SPX
04/30/21,62.28,62.34,61.8,61.8,CAC
04/30/24,5103.78,5110.83,5035.31,5035.69,SPX
04/30/24,38337.4,38337.4,37810.12,37815.92,DJIA
04/30/24,80.17,80.2,79.13,79.29,CAC
05/01/20,2869.09,2869.09,2821.61,2830.71,SPX
05/01/20,24120.78,24120.78,23645.3,23723.69,DJIA
05/01/23,4166.79,4186.92,4164.12,4167.87,SPX
05/01/23,34116.81,34257.83,34030.14,34051.7,DJIA
05/01/24,5029.03,5096.12,5013.45,5018.39,SPX
05/01/24,37845.56,38349.2,37780.54,37903.29,DJIA
05/02/22,64.15,64.19,62.7,63.75,CAC
05/02/22,32978.49,33224.95,32449.87,33061.5,DJIA
05/02/22,4130.61,4169.81,4062.51,4155.38,SPX
05/02/23,34017.62,34017.75,33436.66,33684.53,DJIA
05/02/23,4164.1,4164.1,4089.72,4119.58,SPX
05/02/23,74.24,74.39,73.13,73.27,CAC
05/02/24,38075.65,38295.29,37895.66,38225.66,DJIA
05/02/24,5049.32,5073.21,5011.05,5064.2,SPX
05/02/24,79.09,79.09,78.67,78.73,CAC
05/03/21,61.99,62.27,61.7,62.17,CAC
05/03/21,33904.89,34221.06,33904.89,34113.23,DJIA
05/03/21,4191.98,4209.39,4188.03,4192.66,SPX
05/03/22,63.89,64.56,63.79,64.32,CAC
05/03/22,33086.09,33341.58,32914.75,33128.79,DJIA
05/03/22,4159.78,4200.1,4147.08,4175.48,SPX
05/03/23,73.66,73.83,73.4,73.47,CAC
05/03/23,33726.64,33811.84,33396.05,33414.24,DJIA
05/03/23,4122.25,4148.3,4088.86,4090.75,SPX
05/03/24,38709.36,38808.52,38518.28,38675.68,DJIA
05/03/24,79.07,79.69,78.86,79.25,CAC
05/03/24,5122.78,5139.12,5101.22,5127.79,SPX
05/04/20,23581.55,23769.56,23361.16,23749.76,DJIA
05/04/20,2815.01,2844.24,2797.85,2842.74,SPX
05/04/20,43.52,43.7,43.05,43.16,CAC
05/04/21,34080.2,34147.78,33765.68,34133.03,DJIA
05/04/21,4179.04,4179.04,4128.59,4164.66,SPX
05/04/21,62.33,62.72,61.56,61.64,CAC
05/04/22,33171.8,34117.74,33021.84,34061.06,DJIA
05/04/22,4181.18,4307.66,4148.91,4300.17,SPX
05/04/22,64.37,64.4,63.53,63.53,CAC
05/04/23,73.18,73.3,72.58,72.78,CAC
05/04/23,33347.78,33354.86,32937.5,33127.74,DJIA
05/04/23,4082.55,4082.61,4048.28,4061.22,SPX
05/05/20,23958.88,24169.72,23868.91,23883.09,DJIA
05/05/20,44.02,44.36,43.7,44.28,CAC
05/05/20,2868.88,2898.23,2863.55,2868.44,SPX
05/05/21,34163.99,34331.2,34039.66,34230.34,DJIA
05/05/21,4177.06,4187.72,4160.94,4167.59,SPX
05/05/21,62.09,62.74,62.09,62.74,CAC
05/05/22,4270.43,4270.43,4106.01,4146.87,SPX
05/05/22,33854.17,33854.17,32685.1,32997.97,DJIA
05/05/22,65.08,65.08,63.08,63.27,CAC
05/05/23,4084.73,4147.02,4084.73,4136.25,SPX
05/05/23,73.2,73.76,73.0,73.74,CAC
05/05/23,33248.55,33748.43,33248.55,33674.38,DJIA
05/06/20,44.19,44.28,43.75,43.78,CAC
05/06/20,23978.88,24054.59,23661.14,23664.64,DJIA
05/06/20,2883.14,2891.11,2847.65,2848.42,SPX
05/06/21,34245.11,34561.29,34185.06,34548.53,DJIA
05/06/21,4169.14,4202.7,4147.33,4201.62,SPX
05/06/21,62.94,63.08,62.53,62.84,CAC
05/06/22,32773.88,33055.84,32474.69,32899.37,DJIA
05/06/22,4128.17,4157.69,4067.91,4123.34,SPX
05/06/22,63.0,63.08,61.98,62.36,CAC
05/06/24,38762.43,38886.47,38689.38,38852.27,DJIA
05/06/24,5142.42,5181.0,5142.42,5180.74,SPX
05/06/24,79.41,80.05,79.35,79.71,CAC
05/07/20,43.97,44.44,43.94,44.44,CAC
05/07/20,23837.21,24094.62,23834.39,23875.89,DJIA
05/07/20,2878.26,2901.92,2876.48,2881.19,SPX
05/07/21,4210.34,4238.04,4201.64,4232.6,SPX
05/07/21,34578.27,34811.39,34464.31,34777.76,DJIA
05/07/21,63.2,63.3,62.85,63.3,CAC
05/07/24,5187.2,5200.23,5178.96,5187.7,SPX
05/07/24,38858.94,38977.61,38840.4,38884.26,DJIA
05/07/24,80.12,80.47,79.71,80.42,CAC
05/08/20,44.84,45.04,44.69,44.93,CAC
05/08/20,24107.82,24349.9,24107.05,24331.32,DJIA
05/08/20,2908.83,2932.16,2902.88,2929.8,SPX
05/08/23,4136.98,4142.3,4123.81,4138.12,SPX
05/08/23,33715.15,33747.49,33509.23,33618.69,DJIA
05/08/23,73.85,74.11,73.73,73.95,CAC
05/08/24,5168.98,5191.95,5165.86,5187.67,SPX
05/08/24,38818.9,39094.74,38814.99,39056.39,DJIA
05/08/24,80.66,81.32,80.66,81.1,CAC
05/09/22,4081.27,4081.27,3975.48,3991.24,SPX
05/09/22,32685.17,32685.17,32121.98,32245.7,DJIA
05/09/22,62.16,62.48,60.75,60.75,CAC
05/09/23,73.83,73.87,73.28,73.73,CAC
05/09/23,33589.85,33656.4,33509.72,33561.81,DJIA
05/09/23,4124.25,4130.35,4116.65,4119.17,SPX
05/09/24,5189.03,5215.3,5180.41,5214.08,SPX
05/09/24,39064.27,39413.66,38988.85,39387.76,DJIA
05/09/24,81.08,81.6,80.85,81.56,CAC
05/10/21,63.46,63.49,63.23,63.4,CAC
05/10/21,4228.29,4236.39,4188.13,4188.43,SPX
05/10/21,34785.27,35091.56,34741.57,34742.82,DJIA
05/10/22,32504.09,32752.17,31887.89,32160.74,DJIA
05/10/22,4035.18,4068.82,3958.17,4001.05,SPX
05/10/22,61.3,61.95,61.13,61.13,CAC
05/10/23,4143.74,4154.28,4098.92,4137.64,SPX
05/10/23,73.84,73.84,73.1,73.25,CAC
05/10/23,33707.2,33772.09,33239.45,33531.33,DJIA
05/10/24,39466.52,39579.88,39406.26,39512.84,DJIA
05/10/24,5225.49,5239.66,5209.68,5222.68,SPX
05/10/24,82.02,82.29,81.82,81.9,CAC
05/11/20,24256.45,24366.21,24070.22,24221.99,DJIA
05/11/20,45.14,45.19,44.15,44.43,CAC
05/11/20,2915.46,2944.25,2903.44,2930.32,SPX
05/11/21,34572.74,34572.74,34075.31,34269.16,DJIA
05/11/21,4150.34,4162.04,4111.53,4152.1,SPX
05/11/21,62.76,62.76,61.83,62.2,CAC
05/11/22,61.68,62.61,61.3,62.61,CAC
05/11/22,32123.24,32584.02,31798.86,31834.11,DJIA
05/11/22,3990.08,4049.09,3928.82,3935.18,SPX
05/11/23,33383.89,33389.88,33127.7,33309.51,DJIA
05/11/23,73.77,74.04,73.04,73.52,CAC
05/11/23,4132.24,4132.8,4109.29,4130.62,SPX
05/12/20,24292.84,24382.09,23761.58,23764.78,DJIA
05/12/20,2939.5,2945.82,2869.59,2870.12,SPX
05/12/20,44.33,44.53,44.1,44.27,CAC
05/12/21,34206.4,34207.87,33555.22,33587.66,DJIA
05/12/21,62.2,62.5,61.91,62.34,CAC
05/12/21,4130.55,4134.73,4056.88,4063.04,SPX
05/12/22,31699.04,31914.46,31228.22,31730.3,DJIA
05/12/22,61.42,62.31,60.86,61.96,CAC
05/12/22,3903.95,3964.8,3858.87,3930.08,SPX
05/12/23,74.02,74.34,73.66,73.79,CAC
05/12/23,33370.58,33406.4,33110.61,33300.62,DJIA
05/12/23,4138.54,4143.74,4099.12,4124.08,SPX
05/13/20,2865.86,2874.14,2793.15,2820.0,SPX
05/13/20,43.71,43.71,42.94,42.98,CAC
05/13/20,23702.16,23708.9,23067.64,23247.97,DJIA
05/13/21,4074.99,4131.58,4074.99,4112.5,SPX
05/13/21,61.63,62.56,61.06,62.42,CAC
05/13/21,33624.74,34181.77,33623.49,34021.45,DJIA
05/13/22,3963.9,4038.88,3963.9,4023.89,SPX
05/13/22,31963.86,32276.05,31862.79,32196.66,DJIA
05/13/22,62.4,63.55,62.33,63.55,CAC
05/13/24,82.06,82.09,81.76,81.97,CAC
05/13/24,39591.28,39647.39,39403.05,39431.51,DJIA
05/13/24,5233.08,5237.26,5211.16,5221.42,SPX
05/14/20,42.52,42.66,41.55,42.3,CAC
05/14/20,23049.06,23630.86,22789.62,23625.34,DJIA
05/14/20,2794.54,2852.8,2766.64,2852.5,SPX
05/14/21,34050.86,34454.05,34050.86,34382.13,DJIA
05/14/21,4129.58,4183.13,4129.58,4173.85,SPX
05/14/21,62.75,63.37,62.57,63.36,CAC
05/14/24,5221.1,5250.37,5217.98,5246.68,SPX
05/14/24,82.02,82.25,81.88,82.21,CAC
05/14/24,39466.76,39616.41,39371.92,39558.11,DJIA
05/15/20,23454.83,23730.08,23354.15,23685.42,DJIA
05/15/20,42.91,42.92,42.16,42.36,CAC
05/15/20,2829.95,2865.01,2816.78,2863.7,SPX
05/15/23,4126.65,4141.25,4110.27,4136.28,SPX
05/15/23,33321.21,33400.3,33161.93,33348.6,DJIA
05/15/23,74.2,74.3,73.75,73.95,CAC
05/15/24,82.46,82.49,81.99,82.35,CAC
05/15/24,39615.1,39935.04,39615.1,39908.0,DJIA
05/15/24,5263.26,5311.76,5263.26,5308.15,SPX
05/16/22,63.25,63.61,62.82,63.46,CAC
05/16/22,4013.02,4046.46,3983.99,4008.01,SPX
05/16/22,32152.15,32514.02,31928.18,32223.42,DJIA
05/16/23,33275.37,33290.85,33006.19,33012.14,DJIA
05/16/23,73.71,74.01,73.6,73.83,CAC
05/16/23,4127.95,4135.54,4109.86,4109.9,SPX
05/16/24,39912.34,40051.05,39864.68,39869.38,DJIA
05/16/24,82.36,82.36,81.81,81.9,CAC
05/16/24,5310.07,5325.49,5296.19,5297.1,SPX
05/17/21,34375.29,34383.84,34176.65,34327.79,DJIA
05/17/21,63.59,63.7,63.1,63.31,CAC
05/17/21,4169.92,4171.92,4142.69,4163.29,SPX
05/17/22,4052.0,4090.72,4033.93,4088.85,SPX
05/17/22,64.03,64.54,63.84,64.34,CAC
05/17/22,32427.0,32689.14,32308.15,32654.59,DJIA
05/17/23,4122.85,4164.67,4113.62,4158.77,SPX
05/17/23,73.61,74.02,73.39,73.82,CAC
05/17/23,33092.48,33472.38,33050.41,33420.77,DJIA
05/17/24,5303.1,5305.45,5283.59,5303.27,SPX
05/17/24,81.86,81.88,81.35,81.66,CAC
05/17/24,39911.72,40010.88,39858.86,40003.59,DJIA
05/18/20,24059.98,24708.54,24059.98,24597.37,DJIA
05/18/20,2913.86,2968.09,2913.86,2953.91,SPX
05/18/20,43.27,44.6,43.11,44.56,CAC
05/18/21,63.7,63.75,63.07,63.2,CAC
05/18/21,4165.94,4169.15,4125.99,4127.83,SPX
05/18/21,34351.18,34408.99,34044.1,34060.66,DJIA
05/18/22,64.45,64.59,63.5,63.57,CAC
05/18/22,4051.98,4051.98,3911.91,3923.68,SPX
05/18/22,32468.67,32468.67,31393.95,31490.07,DJIA
05/18/23,74.27,74.6,74.1,74.26,CAC
05/18/23,4157.68,4202.2,4153.5,4198.05,SPX
05/18/23,33374.56,33579.91,33212.09,33535.91,DJIA
05/19/20,24577.48,24599.5,24202.96,24206.86,DJIA
05/19/20,2948.59,2964.21,2922.35,2922.94,SPX
05/19/20,44.74,44.85,43.76,44.13,CAC
05/19/21,4098.45,4116.93,4061.41,4115.68,SPX
05/19/21,62.53,62.73,61.64,62.24,CAC
05/19/21,33945.81,33945.81,33473.8,33896.04,DJIA
05/19/22,62.82,62.85,61.97,62.74,CAC
05/19/22,3899.0,3945.96,3876.58,3900.79,SPX
05/19/22,31262.62,31569.13,31016.41,31253.13,DJIA
05/19/23,74.59,75.06,74.49,74.72,CAC
05/19/23,4204.15,4212.91,4180.2,4191.98,SPX
05/19/23,33582.95,33652.9,33336.66,33426.63,DJIA
05/20/20,43.93,44.53,43.53,44.53,CAC
05/20/20,2953.63,2980.29,2953.63,2971.61,SPX
05/20/20,24455.94,24649.48,24455.94,24575.9,DJIA
05/20/21,62.66,63.11,62.44,63.11,CAC
05/20/21,33906.3,34233.4,33872.41,34084.15,DJIA
05/20/21,4121.97,4172.8,4121.97,4159.12,SPX
05/20/22,3927.76,3943.42,3810.32,3901.36,SPX
05/20/22,31426.94,31515.78,30635.76,31261.9,DJIA
05/20/22,62.91,63.68,62.68,62.82,CAC
05/20/24,39989.76,40077.4,39787.09,39806.77,DJIA
05/20/24,81.75,82.22,81.75,81.98,CAC
05/20/24,5305.35,5325.32,5302.4,5308.13,SPX
05/21/20,24564.27,24718.46,24370.88,24474.12,DJIA
05/21/20,43.96,44.5,43.88,43.94,CAC
05/21/20,2969.95,2978.5,2938.57,2948.51,SPX
05/21/21,63.45,63.68,63.2,63.51,CAC
05/21/21,34121.91,34415.48,34121.91,34207.84,DJIA
05/21/21,4168.61,4188.72,4151.72,4155.86,SPX
05/21/24,39804.4,39905.8,39778.73,39872.99,DJIA
05/21/24,81.9,81.93,81.25,81.68,CAC
05/21/24,5298.69,5324.32,5297.87,5321.41,SPX
05/22/20,24461.98,24481.64,24294.07,24465.16,DJIA
05/22/20,2948.05,2956.76,2933.59,2955.45,SPX
05/22/20,43.4,44.21,43.3,43.97,CAC
05/22/23,33408.54,33512.3,33207.85,33286.58,DJIA
05/22/23,74.85,74.97,74.64,74.8,CAC
05/22/23,4190.78,4209.22,4179.68,4192.63,SPX
05/22/24,5319.28,5323.18,5286.01,5307.01,SPX
05/22/24,81.59,81.59,81.15,81.27,CAC
05/22/24,39863.33,39890.91,39559.09,39671.04,DJIA
05/23/22,31395.89,31968.42,31395.89,31880.24,DJIA
05/23/22,63.47,63.72,62.8,63.72,CAC
05/23/22,3919.42,3981.88,3909.04,3973.75,SPX
05/23/23,4176.8,4185.68,4142.54,4145.58,SPX
05/23/23,74.62,74.65,73.83,73.86,CAC
05/23/23,33190.6,33310.17,33013.29,33055.51,DJIA
05/23/24,5340.26,5341.88,5256.93,5267.84,SPX
05/23/24,39694.95,39694.95,39025.51,39065.26,DJIA
05/23/24,81.5,81.68,81.15,81.33,CAC
05/24/21,4170.16,4209.52,4170.16,4197.05,SPX
05/24/21,63.69,63.82,63.62,63.82,CAC
05/24/21,34253.87,34472.51,34253.87,34393.98,DJIA
05/24/22,31717.61,32014.86,31365.59,31928.62,DJIA
05/24/22,63.05,63.35,62.56,62.71,CAC
05/24/22,3942.94,3955.68,3875.13,3941.48,SPX
05/24/23,4132.96,4132.96,4103.98,4115.24,SPX
05/24/23,73.03,73.05,72.28,72.61,CAC
05/24/23,33021.76,33031.75,32752.44,32799.92,DJIA
05/24/24,80.85,81.42,80.8,81.33,CAC
05/24/24,5281.45,5311.65,5278.39,5304.72,SPX
05/24/24,39089.23,39220.31,39020.29,39069.59,DJIA
05/25/20,44.32,44.89,44.07,44.89,CAC
05/25/21,63.9,63.98,63.71,63.71,CAC
05/25/21,34428.66,34511.35,34266.03,34312.46,DJIA
05/25/21,4205.94,4213.42,4182.52,4188.13,SPX
05/25/22,3929.59,3999.33,3925.03,3978.73,SPX
05/25/22,31816.31,32254.44,31754.33,32120.28,DJIA
05/25/22,63.03,63.36,62.49,63.14,CAC
05/25/23,32854.26,32870.43,32586.56,32764.65,DJIA
05/25/23,72.44,72.62,72.02,72.37,CAC
05/25/23,4155.71,4165.74,4129.73,4151.28,SPX
05/26/20,45.45,45.69,45.3,45.55,CAC
05/26/20,24781.84,25176.42,24781.84,24995.11,DJIA
05/26/20,3004.08,3021.72,2988.17,2991.77,SPX
05/26/21,34336.34,34409.59,34271.44,34323.05,DJIA
05/26/21,4191.59,4202.61,4184.11,4195.99,SPX
05/26/21,63.89,63.9,63.56,63.72,CAC
05/26/22,63.25,64.43,63.25,64.29,CAC
05/26/22,32248.17,32774.14,32248.17,32637.19,DJIA
05/26/22,3984.6,4075.14,3984.6,4057.84,SPX
05/26/23,32795.5,33162.06,32795.5,33093.34,DJIA
05/26/23,72.67,73.36,72.15,73.28,CAC
05/26/23,4155.98,4212.87,4156.16,4205.45,SPX
05/27/20,45.79,46.61,45.64,46.37,CAC
05/27/20,25298.63,25551.56,25009.87,25548.27,DJIA
05/27/20,3015.65,3036.25,2969.75,3036.13,SPX
05/27/21,63.74,64.43,63.7,64.08,CAC
05/27/21,4201.94,4213.38,4197.78,4200.88,SPX
05/27/21,34432.47,34608.82,34389.24,34464.64,DJIA
05/27/22,64.72,65.38,64.46,65.38,CAC
05/27/22,32735.09,33213.62,32682.01,33212.96,DJIA
05/27/22,4077.25,4158.49,4077.43,4158.24,SPX
05/27/24,81.34,81.74,81.29,81.74,CAC
05/28/20,46.73,47.3,46.48,47.23,CAC
05/28/20,25697.36,25758.79,25358.73,25400.64,DJIA
05/28/20,3046.61,3068.67,3023.4,3029.73,SPX
05/28/21,64.34,64.75,64.33,64.67,CAC
05/28/21,34558.5,34631.11,34520.09,34529.45,DJIA
05/28/21,4210.77,4218.36,4203.57,4204.11,SPX
05/28/24,5315.91,5315.91,5280.89,5306.04,SPX
05/28/24,39028.99,39028.99,38706.14,38852.86,DJIA
05/28/24,82.04,82.09,81.0,81.15,CAC
05/29/20,25324.15,25482.8,25031.67,25383.11,DJIA
05/29/20,46.71,47.15,46.44,46.44,CAC
05/29/20,3025.17,3049.17,2998.61,3044.31,SPX
05/29/23,73.63,73.63,72.96,73.09,CAC
05/29/24,5278.73,5282.27,5262.7,5266.95,SPX
05/29/24,38716.28,38716.28,38413.67,38441.54,DJIA
05/29/24,80.98,81.0,79.98,80.08,CAC
05/30/22,65.88,66.12,65.64,65.89,CAC
05/30/23,72.93,73.37,72.38,72.5,CAC
05/30/23,33103.65,33132.7,32893.97,33042.78,DJIA
05/30/23,4226.71,4231.1,4192.18,4205.52,SPX
05/30/24,5259.77,5260.21,5222.1,5235.48,SPX
05/30/24,79.95,80.53,79.95,80.53,CAC
05/30/24,38368.35,38493.6,38000.96,38111.48,DJIA
05/31/21,64.67,64.8,64.28,64.31,CAC
05/31/22,33160.59,33240.22,32752.34,32990.12,DJIA
05/31/22,65.65,65.67,64.81,65.0,CAC
05/31/22,4151.09,4168.34,4104.88,4132.15,SPX
05/31/23,4190.74,4195.44,4166.15,4179.83,SPX
05/31/23,71.68,72.26,71.25,71.4,CAC
05/31/23,32948.71,32984.83,32739.73,32908.27,DJIA
05/31/24,80.54,80.69,80.35,80.65,CAC
05/31/24,5243.21,5280.33,5191.68,5277.51,SPX
05/31/24,38140.26,38719.43,38092.27,38686.32,DJIA
06/01/20,47.21,47.32,46.76,47.17,CAC
06/01/20,25342.99,25508.83,25220.66,25475.02,DJIA
06/01/20,3038.78,3062.18,3031.54,3055.73,SPX
06/01/21,64.6,65.07,64.49,64.78,CAC
06/01/21,34584.19,34849.32,34542.87,34575.31,DJIA
06/01/21,4216.52,4234.12,4197.59,4202.04,SPX
06/01/22,33156.31,33272.34,32584.76,32813.23,DJIA
06/01/22,4149.78,4166.54,4073.85,4101.23,SPX
06/01/22,65.38,65.39,64.45,64.47,CAC
06/01/23,71.79,72.14,71.3,71.82,CAC
06/01/23,4183.03,4232.43,4171.64,4221.02,SPX
06/01/23,32929.85,33167.75,32704.51,33061.57,DJIA
06/02/20,3064.78,3081.07,3051.64,3080.82,SPX
06/02/20,25582.52,25743.13,25523.74,25742.65,DJIA
06/02/20,47.54,48.29,47.5,48.08,CAC
06/02/21,64.96,65.12,64.72,65.12,CAC
06/02/21,4206.82,4217.37,4198.27,4208.12,SPX
06/02/21,34614.62,34706.65,34545.96,34600.38,DJIA
06/02/22,64.87,65.35,64.83,65.28,CAC
06/02/22,4095.41,4177.51,4074.37,4176.82,SPX
06/02/22,32809.01,33248.61,32509.43,33248.28,DJIA
06/02/23,4241.01,4290.67,4241.01,4282.37,SPX
06/02/23,33187.58,33805.0,33187.58,33762.76,DJIA
06/02/23,72.33,73.18,72.28,73.15,CAC
06/03/20,25906.88,26337.75,25906.88,26269.89,DJIA
06/03/20,48.68,49.75,48.61,49.7,CAC
06/03/20,3098.9,3130.94,3098.9,3122.87,SPX
06/03/21,4191.43,4204.39,4167.93,4192.85,SPX
06/03/21,34550.31,34667.41,34334.41,34577.04,DJIA
06/03/21,65.1,65.1,64.64,64.98,CAC
06/03/22,65.71,65.74,65.04,65.13,CAC
06/03/22,32986.32,33135.61,32839.21,32899.7,DJIA
06/03/22,4137.57,4142.67,4098.67,4108.54,SPX
06/03/24,5297.15,5302.11,5234.32,5283.4,SPX
06/03/24,38709.99,38735.61,38247.22,38571.03,DJIA
06/03/24,81.37,81.48,80.66,80.71,CAC
06/04/20,3111.56,3128.91,3090.41,3112.35,SPX
06/04/20,26226.49,26384.1,26082.31,26281.82,DJIA
06/04/20,49.46,50.0,49.15,49.59,CAC
06/04/21,65.04,65.1,64.87,65.1,CAC
06/04/21,4206.05,4233.45,4206.05,4229.89,SPX
06/04/21,34618.69,34772.12,34618.69,34756.39,DJIA
06/04/24,5278.24,5298.8,5257.63,5291.34,SPX
06/04/24,38518.86,38786.62,38397.82,38711.29,DJIA
06/04/24,80.54,80.63,79.9,80.02,CAC
06/05/20,26836.8,27338.3,26836.8,27110.98,DJIA
06/05/20,50.22,51.44,50.21,51.4,CAC
06/05/20,3163.84,3211.72,3163.84,3193.93,SPX
06/05/23,73.12,73.26,72.4,72.44,CAC
06/05/23,4282.99,4299.28,4266.82,4273.79,SPX
06/05/23,33771.13,33804.22,33552.79,33562.86,DJIA
06/05/24,5314.48,5354.16,5297.64,5354.03,SPX
06/05/24,80.57,81.08,80.3,80.79,CAC
06/05/24,38774.82,38844.32,38548.77,38807.33,DJIA
06/06/22,4134.72,4168.78,4109.18,4121.43,SPX
06/06/22,33032.04,33235.37,32819.5,32915.78,DJIA
06/06/22,65.83,66.25,65.71,65.9,CAC
06/06/23,33547.67,33631.25,33399.69,33573.28,DJIA
06/06/23,4271.34,4288.33,4263.09,4283.85,SPX
06/06/23,72.45,72.68,72.26,72.61,CAC
06/07/21,4229.34,4232.34,4215.66,4226.52,SPX
06/07/21,64.99,65.52,64.8,65.38,CAC
06/07/21,34766.2,34820.91,34574.51,34630.24,DJIA
06/07/22,65.53,65.61,65.0,65.32,CAC
06/07/22,4096.47,4164.86,4080.19,4160.68,SPX
06/07/22,32783.03,33207.45,32641.85,33180.14,DJIA
06/07/23,33562.47,33708.78,33546.11,33665.02,DJIA
06/07/23,4285.47,4299.19,4263.96,4267.52,SPX
06/07/23,72.44,72.71,72.2,72.55,CAC
06/08/20,50.95,51.61,50.84,51.16,CAC
06/08/20,27232.93,27580.21,27232.48,27572.44,DJIA
06/08/20,3199.92,3233.13,3196.0,3232.39,SPX
06/08/21,4233.81,4236.74,4208.41,4227.26,SPX
06/08/21,34645.84,34665.38,34452.94,34599.82,DJIA
06/08/21,65.41,65.66,65.34,65.46,CAC
06/08/22,33087.07,33156.5,32824.37,32910.9,DJIA
06/08/22,4147.12,4160.14,4107.2,4115.77,SPX
06/08/22,65.39,65.4,64.54,64.83,CAC
06/08/23,72.47,72.84,72.39,72.71,CAC
06/08/23,4268.69,4298.01,4261.07,4293.93,SPX
06/08/23,33656.98,33873.81,33630.04,33833.61,DJIA
06/09/20,27447.37,27447.37,27151.06,27272.3,DJIA
06/09/20,3213.32,3222.71,3193.11,3207.18,SPX
06/09/20,51.51,51.51,50.05,50.4,CAC
06/09/21,4232.99,4237.09,4218.74,4219.55,SPX
06/09/21,65.52,65.61,65.28,65.56,CAC
06/09/21,34626.16,34654.67,34439.37,34447.14,DJIA
06/09/22,32828.62,32956.73,32267.78,32272.79,DJIA
06/09/22,4101.65,4119.1,4017.17,4017.82,SPX
06/09/22,64.5,64.94,63.8,63.96,CAC
06/09/23,4304.88,4322.62,4291.7,4298.86,SPX
06/09/23,72.84,72.88,72.38,72.62,CAC
06/09/23,33852.44,33975.32,33787.16,33876.78,DJIA
06/10/20,50.87,50.99,49.93,50.02,CAC
06/10/20,3213.42,3223.27,3181.49,3190.14,SPX
06/10/20,27251.89,27355.22,26938.05,26989.99,DJIA
06/10/21,34502.51,34737.79,34447.25,34466.24,DJIA
06/10/21,4228.56,4249.74,4220.34,4239.18,SPX
06/10/21,65.55,65.6,65.18,65.37,CAC
06/10/22,63.54,63.59,62.16,62.21,CAC
06/10/22,3974.39,3974.39,3900.16,3900.86,SPX
06/10/22,32053.52,32053.52,31387.84,31392.79,DJIA
06/11/20,3123.53,3123.53,2999.49,3002.1,SPX
06/11/20,26282.51,26294.08,25082.72,25128.17,DJIA
06/11/20,48.79,49.08,47.65,47.65,CAC
06/11/21,65.4,65.98,65.4,65.94,CAC
06/11/21,34499.81,34618.09,34328.65,34479.6,DJIA
06/11/21,4242.9,4248.38,4232.25,4247.44,SPX
06/12/20,3071.04,3088.42,2984.47,3041.31,SPX
06/12/20,47.25,48.96,47.18,47.96,CAC
06/12/20,25659.42,25965.55,25078.41,25605.54,DJIA
06/12/23,33906.8,34077.84,33878.46,34066.33,DJIA
06/12/23,73.09,73.33,72.99,73.06,CAC
06/12/23,4308.32,4340.13,4304.37,4338.93,SPX
06/13/22,31144.91,31144.91,30373.72,30516.74,DJIA
06/13/22,61.4,61.65,60.41,60.67,CAC
06/13/22,3838.15,3838.15,3734.3,3749.63,SPX
06/13/23,34111.08,34310.28,34107.98,34212.12,DJIA
06/13/23,4352.61,4375.37,4349.31,4369.01,SPX
06/13/23,73.44,73.61,72.98,73.51,CAC
06/14/21,66.26,66.4,65.92,66.05,CAC
06/14/21,34472.52,34472.52,34211.54,34393.75,DJIA
06/14/21,4248.31,4255.59,4234.07,4255.15,SPX
06/14/22,3763.52,3778.18,3705.68,3735.48,SPX
06/14/22,61.0,61.0,59.7,59.89,CAC
06/14/22,30592.34,30690.8,30144.23,30364.83,DJIA
06/14/23,73.42,74.1,73.42,73.85,CAC
06/14/23,4366.29,4391.82,4337.85,4372.59,SPX
06/14/23,34044.7,34151.42,33783.55,33979.33,DJIA
06/15/20,2993.76,3079.76,2965.66,3066.59,SPX
06/15/20,25270.39,25891.58,24843.18,25763.16,DJIA
06/15/20,46.72,47.96,46.47,47.7,CAC
06/15/21,34397.1,34420.38,34199.16,34299.33,DJIA
06/15/21,66.36,66.51,66.32,66.36,CAC
06/15/21,4255.28,4257.16,4238.35,4246.59,SPX
06/15/22,30570.5,31011.97,30185.08,30668.53,DJIA
06/15/22,3764.05,3837.56,3722.3,3789.99,SPX
06/15/22,60.7,61.01,60.11,60.71,CAC
06/15/23,73.53,73.65,73.0,73.43,CAC
06/15/23,33945.98,34488.98,33945.98,34408.06,DJIA
06/15/23,4365.33,4439.2,4362.6,4425.84,SPX
06/16/20,26326.68,26611.03,25811.7,26289.98,DJIA
06/16/20,48.85,49.6,48.49,49.11,CAC
06/16/20,3131.0,3153.45,3076.06,3124.74,SPX
06/16/21,4248.87,4251.89,4202.45,4223.7,SPX
06/16/21,34308.48,34333.25,33917.11,34033.67,DJIA
06/16/21,66.56,66.56,66.27,66.48,CAC
06/16/22,30305.74,30305.74,29740.35,29927.07,DJIA
06/16/22,60.54,60.54,59.1,59.21,CAC
06/16/22,3728.18,3728.18,3639.77,3666.77,SPX
06/16/23,73.74,74.5,73.56,74.42,CAC
06/16/23,4442.7,4448.47,4407.44,4409.59,SPX
06/16/23,34464.02,34588.68,34285.69,34299.12,DJIA
06/17/20,3136.13,3141.16,3108.03,3113.49,SPX
06/17/20,26330.52,26400.07,26068.41,26119.61,DJIA
06/17/20,49.25,49.8,49.1,49.49,CAC
06/17/21,4220.37,4232.29,4196.05,4221.86,SPX
06/17/21,66.24,66.7,66.12,66.63,CAC
06/17/21,34014.38,34091.79,33626.61,33823.45,DJIA
06/17/22,3665.9,3707.71,3636.87,3674.84,SPX
06/17/22,59.33,60.1,59.1,59.24,CAC
06/17/22,29912.7,30167.52,29653.29,29888.78,DJIA
06/18/20,3101.64,3120.0,3093.51,3115.34,SPX
06/18/20,26016.45,26154.2,25848.53,26080.1,DJIA
06/18/20,49.29,49.7,48.66,49.15,CAC
06/18/21,4204.78,4204.78,4164.4,4166.45,SPX
06/18/21,33622.7,33622.7,33271.93,33290.08,DJIA
06/18/21,66.52,66.8,65.52,65.63,CAC
06/19/20,26213.1,26451.44,25759.66,25871.46,DJIA
06/19/20,3140.29,3155.53,3083.11,3097.74,SPX
06/19/20,49.57,49.97,49.36,49.36,CAC
06/19/23,74.2,74.24,73.53,73.62,CAC
06/20/22,59.36,59.59,58.95,59.59,CAC
06/20/23,34206.66,34206.66,33915.93,34053.87,DJIA
06/20/23,4396.11,4400.15,4367.19,4388.71,SPX
06/20/23,73.54,73.73,73.35,73.48,CAC
06/21/21,4173.4,4226.24,4173.4,4224.79,SPX
06/21/21,65.15,66.03,65.08,66.0,CAC
06/21/21,33312.07,33908.09,33312.07,33876.97,DJIA
06/21/22,30074.69,30653.98,30074.69,30530.25,DJIA
06/21/22,3715.31,3779.65,3715.31,3764.79,SPX
06/21/22,60.02,60.75,60.0,60.07,CAC
06/21/23,33990.56,34097.93,33876.17,33951.52,DJIA
06/21/23,4380.01,4386.22,4360.14,4365.69,SPX
06/21/23,73.34,73.56,73.05,73.2,CAC
06/22/20,3094.42,3120.92,3079.39,3117.86,SPX
06/22/20,25865.08,26059.81,25667.68,26024.96,DJIA
06/22/20,48.76,49.6,48.57,49.05,CAC
06/22/21,66.02,66.16,65.82,66.07,CAC
06/22/21,4224.61,4255.84,4217.27,4246.44,SPX
06/22/21,33872.56,34040.7,33751.06,33945.58,DJIA
06/22/22,59.06,59.77,58.76,59.62,CAC
06/22/22,30352.57,30777.92,30166.01,30483.13,DJIA
06/22/22,3733.89,3801.79,3717.69,3759.89,SPX
06/22/23,33900.47,34003.56,33835.39,33946.71,DJIA
06/22/23,72.67,72.67,72.04,72.61,CAC
06/22/23,4355.4,4382.25,4351.82,4381.89,SPX
06/23/20,49.36,50.05,49.25,49.81,CAC
06/23/20,26159.39,26314.97,26105.97,26156.1,DJIA
06/23/20,3138.7,3154.9,3127.12,3131.29,SPX
06/23/21,66.1,66.11,65.48,65.48,CAC
06/23/21,4249.27,4256.6,4241.43,4241.84,SPX
06/23/21,33948.54,34009.4,33869.83,33874.24,DJIA
06/23/22,30570.33,30715.63,30293.4,30677.36,DJIA
06/23/22,3774.71,3802.58,3743.52,3795.73,SPX
06/23/22,59.36,60.0,58.75,59.26,CAC
06/23/23,4354.17,4366.55,4341.34,4348.33,SPX
06/23/23,72.28,72.54,71.9,72.2,CAC
06/23/23,33835.66,33835.66,33646.49,33727.43,DJIA
06/24/20,49.45,49.62,48.36,48.36,CAC
06/24/20,3114.4,3115.01,3032.13,3050.33,SPX
06/24/20,25992.96,25992.96,25296.73,25445.94,DJIA
06/24/21,4256.97,4271.28,4256.97,4266.49,SPX
06/24/21,33933.91,34233.02,33933.91,34196.82,DJIA
06/24/21,65.82,66.41,65.8,66.37,CAC
06/24/22,59.61,61.27,59.51,61.18,CAC
06/24/22,30846.94,31517.29,30846.94,31500.68,DJIA
06/24/22,3821.75,3913.65,3821.75,3911.74,SPX
06/25/20,25365.22,25769.61,25209.79,25745.6,DJIA
06/25/20,48.1,49.04,47.57,48.84,CAC
06/25/20,3046.6,3086.25,3024.01,3083.76,SPX
06/25/21,66.42,66.45,66.1,66.28,CAC
06/25/21,34328.1,34501.02,34314.8,34433.84,DJIA
06/25/21,4274.45,4286.12,4271.16,4280.7,SPX
06/26/20,25641.69,25641.69,24971.03,25015.55,DJIA
06/26/20,49.33,49.7,48.69,48.7,CAC
06/26/20,3073.2,3073.73,3004.63,3009.05,SPX
06/26/23,72.21,72.63,71.66,72.45,CAC
06/26/23,4344.84,4362.06,4328.08,4328.82,SPX
06/26/23,33730.79,33819.49,33610.32,33714.71,DJIA
06/27/22,31533.6,31598.59,31351.37,31438.26,DJIA
06/27/22,61.6,62.0,60.85,60.94,CAC
06/27/22,3920.76,3927.72,3889.66,3900.11,SPX
06/27/23,72.83,72.95,72.2,72.78,CAC
06/27/23,33739.03,33975.65,33730.39,33926.74,DJIA
06/27/23,4337.36,4384.42,4335.0,4378.41,SPX
06/28/21,66.18,66.36,65.62,65.62,CAC
06/28/21,34428.1,34449.65,34186.13,34283.27,DJIA
06/28/21,4284.9,4292.14,4274.67,4290.61,SPX
06/28/22,3913.0,3945.86,3820.14,3821.55,SPX
06/28/22,31549.05,31885.09,30934.33,30946.99,DJIA
06/28/22,61.55,61.89,61.28,61.35,CAC
06/28/23,33881.38,33903.76,33755.92,33852.66,DJIA
06/28/23,4367.48,4390.35,4360.22,4376.86,SPX
06/28/23,73.34,73.52,73.13,73.51,CAC
06/29/20,25152.45,25601.15,25096.16,25595.8,DJIA
06/29/20,48.53,49.35,48.36,49.1,CAC
06/29/20,3018.59,3053.89,2999.74,3053.24,SPX
06/29/21,4293.21,4300.52,4287.04,4291.8,SPX
06/29/21,65.78,66.05,65.75,65.76,CAC
06/29/21,34338.89,34469.83,34266.83,34292.29,DJIA
06/29/22,60.87,61.16,60.37,60.71,CAC
06/29/22,3825.09,3836.5,3799.02,3818.83,SPX
06/29/22,31067.41,31152.96,30894.53,31029.31,DJIA
06/29/23,4374.94,4398.39,4371.97,4396.44,SPX
06/29/23,33854.57,34147.68,33828.63,34122.42,DJIA
06/29/23,73.64,74.09,73.46,73.74,CAC
06/30/20,49.2,49.27,48.65,48.99,CAC
06/30/20,25512.43,25905.38,25475.14,25812.88,DJIA
06/30/20,3050.2,3111.51,3047.83,3100.29,SPX
06/30/21,4290.65,4302.43,4287.96,4297.5,SPX
06/30/21,65.76,65.76,64.75,65.15,CAC
06/30/21,34290.74,34553.16,34245.48,34502.51,DJIA
06/30/22,30790.0,30979.85,30431.87,30775.43,DJIA
06/30/22,59.58,59.76,58.93,59.69,CAC
06/30/22,3785.99,3818.99,3738.67,3785.38,SPX
06/30/23,34269.92,34467.35,34269.92,34407.6,DJIA
06/30/23,74.0,74.77,73.96,74.56,CAC
06/30/23,4422.44,4458.48,4422.44,4450.38,SPX
07/01/20,25879.38,26019.31,25713.61,25734.97,DJIA
07/01/20,49.09,49.27,48.18,48.94,CAC
07/01/20,3105.92,3128.44,3101.17,3115.86,SPX
07/01/21,65.66,65.92,65.08,65.62,CAC
07/01/21,34507.32,34640.28,34498.85,34633.53,DJIA
07/01/21,4300.73,4320.66,4300.73,4319.94,SPX
07/01/22,3781.08,3829.82,3752.1,3825.33,SPX
07/01/22,59.12,60.16,59.08,59.75,CAC
07/01/22,30737.77,31139.35,30487.79,31097.26,DJIA
07/02/20,3143.64,3165.81,3124.52,3130.01,SPX
07/02/20,25936.45,26204.41,25778.12,25827.36,DJIA
07/02/20,49.27,50.37,49.27,50.13,CAC
07/02/21,4326.6,4355.43,4326.6,4352.34,SPX
07/02/21,34642.42,34821.93,34613.49,34786.35,DJIA
07/02/21,65.59,65.86,65.41,65.57,CAC
07/03/20,50.15,50.22,49.5,49.76,CAC
07/03/23,74.78,74.87,74.5,74.57,CAC
07/03/23,34369.78,34465.6,34286.54,34418.47,DJIA
07/03/23,4449.45,4456.46,4442.29,4455.59,SPX
07/04/22,60.27,60.47,59.94,60.04,CAC
07/04/23,74.57,74.65,74.31,74.35,CAC
07/05/21,65.42,65.83,65.21,65.71,CAC
07/05/22,3792.61,3832.19,3742.06,3831.39,SPX
07/05/22,60.15,60.15,58.37,58.4,CAC
07/05/22,30903.12,30971.74,30355.12,30967.82,DJIA
07/05/23,73.87,74.13,73.56,73.74,CAC
07/05/23,34344.72,34376.11,34226.98,34288.64,DJIA
07/05/23,4442.04,4454.06,4436.61,4446.82,SPX
07/06/20,50.73,50.9,50.4,50.52,CAC
07/06/20,3155.29,3182.59,3155.29,3179.72,SPX
07/06/20,25996.08,26297.53,25996.08,26287.03,DJIA
07/06/21,65.42,65.6,64.81,65.1,CAC
07/06/21,34790.16,34814.2,34358.42,34577.37,DJIA
07/06/21,4356.46,4356.46,4314.37,4343.54,SPX
07/06/22,3831.98,3870.91,3809.37,3845.08,SPX
07/06/22,57.84,58.24,57.45,58.16,CAC
07/06/22,30957.3,31224.69,30794.84,31037.68,DJIA
07/06/23,34171.39,34171.39,33771.47,33922.26,DJIA
07/06/23,4422.62,4422.62,4385.05,4411.59,SPX
07/06/23,72.93,72.93,71.27,71.47,CAC
07/07/20,26172.01,26174.93,25866.58,25890.18,DJIA
07/07/20,3166.44,3184.15,3142.93,3145.32,SPX
07/07/20,50.24,50.24,49.86,50.21,CAC
07/07/21,34604.17,34708.78,34435.59,34681.79,DJIA
07/07/21,64.23,64.43,63.9,64.21,CAC
07/07/21,4351.01,4361.88,4329.79,4358.13,SPX
07/07/22,58.9,59.2,58.6,59.02,CAC
07/07/22,3858.85,3910.63,3858.85,3902.62,SPX
07/07/22,31190.65,31421.84,31154.64,31384.55,DJIA
07/07/23,4404.54,4440.39,4397.4,4398.95,SPX
07/07/23,33837.07,34036.38,33716.75,33734.88,DJIA
07/07/23,71.48,72.15,71.16,71.77,CAC
07/08/20,49.26,49.63,48.91,49.02,CAC
07/08/20,25950.06,26109.49,25816.25,26067.28,DJIA
07/08/20,3153.07,3171.8,3136.53,3169.94,SPX
07/08/21,63.59,63.62,62.46,62.88,CAC
07/08/21,34569.01,34569.01,34145.59,34421.93,DJIA
07/08/21,4321.07,4330.88,4289.37,4320.82,SPX
07/08/22,3888.26,3918.5,3869.34,3899.38,SPX
07/08/22,59.0,59.5,58.51,59.31,CAC
07/08/22,31348.43,31511.46,31212.45,31338.15,DJIA
07/09/20,3176.17,3179.78,3115.7,3152.05,SPX
07/09/20,26094.92,26103.28,25523.51,25706.09,DJIA
07/09/20,49.25,49.25,48.36,48.44,CAC
07/09/21,4329.38,4371.6,4329.38,4369.55,SPX
07/09/21,63.38,64.25,63.38,64.25,CAC
07/09/21,34457.51,34893.72,34457.51,34870.16,DJIA
07/10/20,3152.47,3186.82,3136.22,3185.04,SPX
07/10/20,25690.35,26101.32,25637.5,26075.3,DJIA
07/10/20,48.12,48.95,48.05,48.89,CAC
07/10/23,4394.23,4412.6,4389.92,4409.53,SPX
07/10/23,33705.68,33958.36,33705.68,33944.4,DJIA
07/10/23,71.58,72.39,71.48,72.12,CAC
07/11/22,3880.94,3880.94,3847.22,3854.43,SPX
07/11/22,31277.98,31367.55,31114.4,31173.84,DJIA
07/11/22,58.3,59.03,58.27,58.97,CAC
07/11/23,34056.94,34288.87,33993.01,34261.42,DJIA
07/11/23,72.44,73.09,72.4,72.82,CAC
07/11/23,4415.55,4443.64,4408.46,4439.26,SPX
07/12/21,34836.75,35014.9,34730.15,34996.18,DJIA
07/12/21,64.15,64.6,63.77,64.54,CAC
07/12/21,4372.41,4386.68,4364.03,4384.63,SPX
07/12/22,31113.31,31346.1,30860.51,30981.33,DJIA
07/12/22,3851.95,3873.41,3802.36,3818.8,SPX
07/12/22,58.69,59.5,58.34,59.45,CAC
07/12/23,73.08,74.1,73.01,74.01,CAC
07/12/23,34395.28,34586.94,34308.78,34347.43,DJIA
07/12/23,4467.69,4488.34,4463.23,4472.16,SPX
07/13/20,3205.08,3235.32,3149.43,3155.22,SPX
07/13/20,49.42,49.76,48.98,49.76,CAC
07/13/20,26225.07,26639.09,26044.23,26085.8,DJIA
07/13/21,34959.96,35018.79,34876.89,34888.79,DJIA
07/13/21,4381.07,4392.37,4366.92,4369.21,SPX
07/13/21,64.5,64.58,64.33,64.48,CAC
07/13/22,3779.67,3829.44,3759.07,3801.78,SPX
07/13/22,59.15,59.22,58.25,58.96,CAC
07/13/22,30743.63,30979.17,30514.61,30772.79,DJIA
07/13/23,74.13,74.72,74.01,74.36,CAC
07/13/23,4491.5,4517.38,4489.36,4510.04,SPX
07/13/23,34412.31,34482.26,34365.33,34395.14,DJIA
07/14/20,49.09,49.32,48.7,49.32,CAC
07/14/20,26044.17,26690.52,25994.98,26642.59,DJIA
07/14/20,3141.11,3200.95,3127.66,3197.52,SPX
07/14/21,4380.11,4393.68,4362.36,4374.3,SPX
07/14/21,64.35,64.58,64.27,64.5,CAC
07/14/21,34920.83,35069.18,34826.87,34933.23,DJIA
07/14/22,30451.8,30680.12,30143.93,30630.17,DJIA
07/14/22,3763.99,3796.41,3721.56,3790.38,SPX
07/14/22,58.73,58.75,57.78,58.17,CAC
07/14/23,74.32,74.66,74.32,74.36,CAC
07/14/23,4514.61,4527.76,4499.56,4505.42,SPX
07/14/23,34425.33,34592.26,34425.33,34509.03,DJIA
07/15/20,3225.98,3238.28,3200.76,3226.56,SPX
07/15/20,49.74,50.66,49.69,50.33,CAC
07/15/20,27009.81,27071.33,26692.48,26870.1,DJIA
07/15/21,34924.81,34990.41,34762.87,34987.02,DJIA
07/15/21,4369.02,4369.02,4340.7,4360.03,SPX
07/15/21,64.3,64.45,63.67,63.88,CAC
07/15/22,3818.0,3863.62,3817.18,3863.16,SPX
07/15/22,58.22,59.4,58.17,59.38,CAC
07/15/22,30775.37,31288.26,30775.37,31288.26,DJIA
07/16/20,3208.36,3220.39,3198.59,3215.57,SPX
07/16/20,49.96,50.26,49.75,50.1,CAC
07/16/20,26746.57,26879.16,26590.01,26734.71,DJIA
07/16/21,4367.43,4375.09,4322.53,4327.16,SPX
07/16/21,35007.94,35090.01,34647.82,34687.85,DJIA
07/16/21,63.93,64.1,63.15,63.52,CAC
07/17/20,26774.62,26808.43,26619.88,26671.95,DJIA
07/17/20,3224.21,3233.52,3205.65,3224.73,SPX
07/17/20,50.12,50.12,49.74,49.93,CAC
07/17/23,73.72,73.93,73.33,73.56,CAC
07/17/23,4508.86,4532.85,4504.9,4522.79,SPX
07/17/23,34499.74,34665.15,34418.72,34585.35,DJIA
07/18/22,3883.79,3902.44,3818.63,3830.85,SPX
07/18/22,31475.98,31644.68,30982.97,31072.61,DJIA
07/18/22,59.54,60.3,59.54,59.92,CAC
07/18/23,4521.78,4562.3,4514.59,4554.98,SPX
07/18/23,73.42,73.91,73.42,73.85,CAC
07/18/23,34597.08,34986.36,34530.61,34951.93,DJIA
07/19/21,62.88,62.88,61.5,61.99,CAC
07/19/21,34528.48,34528.48,33741.76,33962.04,DJIA
07/19/21,4296.4,4296.4,4233.13,4258.49,SPX
07/19/22,59.61,61.06,59.34,60.99,CAC
07/19/22,3860.73,3939.81,3860.73,3936.69,SPX
07/19/22,31165.91,31842.25,31165.91,31827.05,DJIA
07/19/23,74.33,74.49,73.8,73.96,CAC
07/19/23,34991.21,35234.05,34991.21,35061.21,DJIA
07/19/23,4563.87,4578.43,4557.48,4565.72,SPX
07/20/20,26660.29,26765.02,26504.2,26680.87,DJIA
07/20/20,3224.29,3258.61,3215.16,3251.84,SPX
07/20/20,49.68,50.25,49.38,50.18,CAC
07/20/21,4265.11,4336.84,4262.05,4323.06,SPX
07/20/21,33981.79,34621.79,33981.79,34511.99,DJIA
07/20/21,62.46,62.82,62.05,62.46,CAC
07/20/22,31829.99,31944.45,31646.95,31874.84,DJIA
07/20/22,61.21,61.4,60.49,60.79,CAC
07/20/22,3935.32,3974.13,3922.03,3959.9,SPX
07/20/23,4554.38,4564.74,4527.56,4534.87,SPX
07/20/23,73.75,74.54,73.72,74.53,CAC
07/20/23,35091.98,35372.77,35091.98,35225.18,DJIA
07/21/20,3268.52,3277.29,3247.77,3257.3,SPX
07/21/20,50.48,50.96,50.23,50.25,CAC
07/21/20,26833.14,27025.38,26766.22,26840.4,DJIA
07/21/21,4331.13,4359.7,4331.13,4358.69,SPX
07/21/21,62.93,63.66,62.84,63.57,CAC
07/21/21,34556.96,34820.24,34556.96,34798.0,DJIA
07/21/22,3955.47,3999.29,3927.64,3998.95,SPX
07/21/22,60.73,61.25,60.47,60.99,CAC
07/21/22,31826.49,32040.63,31534.08,32036.9,DJIA
07/21/23,35274.32,35340.66,35186.05,35227.69,DJIA
07/21/23,74.62,74.97,74.5,74.97,CAC
07/21/23,4550.16,4555.0,4535.79,4536.34,SPX
07/22/20,3254.86,3279.32,3253.1,3276.02,SPX
07/22/20,50.08,50.19,49.52,49.59,CAC
07/22/20,26824.56,27035.24,26794.19,27005.84,DJIA
07/22/21,4361.27,4369.87,4350.06,4367.48,SPX
07/22/21,34799.68,34879.28,34673.03,34823.35,DJIA
07/22/21,63.91,64.11,63.71,63.74,CAC
07/22/22,60.75,61.42,60.75,61.1,CAC
07/22/22,3998.43,4012.44,3938.86,3961.63,SPX
07/22/22,32167.92,32219.25,31731.47,31899.29,DJIA
07/23/20,49.91,50.07,49.47,49.56,CAC
07/23/20,26955.97,26973.85,26560.04,26652.33,DJIA
07/23/20,3271.64,3279.99,3222.66,3235.66,SPX
07/23/21,64.13,64.64,64.05,64.59,CAC
07/23/21,4381.2,4415.18,4381.2,4411.79,SPX
07/23/21,34855.11,35095.33,34855.11,35061.55,DJIA
07/24/20,26533.41,26625.7,26402.86,26469.89,DJIA
07/24/20,3218.58,3227.26,3200.05,3215.63,SPX
07/24/20,48.96,49.05,48.52,48.8,CAC
07/24/23,74.68,74.98,74.57,74.92,CAC
07/24/23,4543.39,4563.41,4541.29,4554.64,SPX
07/24/23,35230.79,35463.97,35230.79,35411.24,DJIA
07/25/22,31950.93,32029.03,31821.67,31990.04,DJIA
07/25/22,61.0,61.5,60.76,61.32,CAC
07/25/22,3965.72,3975.3,3943.46,3966.84,SPX
07/25/23,4555.19,4580.62,4552.42,4567.46,SPX
07/25/23,35421.49,35527.57,35365.26,35438.07,DJIA
07/25/23,75.05,75.11,74.66,74.79,CAC
07/26/21,64.35,64.78,64.11,64.65,CAC
07/26/21,4409.58,4422.73,4405.45,4422.3,SPX
07/26/21,35055.86,35150.37,34950.19,35144.31,DJIA
07/26/22,3953.22,3953.22,3910.74,3921.05,SPX
07/26/22,31950.04,31950.04,31705.36,31761.54,DJIA
07/26/22,61.17,61.33,60.94,61.09,CAC
07/26/23,4558.96,4582.47,4547.58,4566.75,SPX
07/26/23,35345.99,35633.61,35306.27,35520.12,DJIA
07/26/23,74.33,74.33,73.17,73.88,CAC
07/27/20,48.8,48.83,48.48,48.65,CAC
07/27/20,26447.67,26625.46,26426.92,26584.77,DJIA
07/27/20,3219.84,3241.43,3214.25,3239.41,SPX
07/27/21,4416.38,4416.38,4372.51,4401.46,SPX
07/27/21,64.49,64.64,64.09,64.21,CAC
07/27/21,35078.9,35078.9,34878.07,35058.52,DJIA
07/27/22,61.04,61.63,60.99,61.5,CAC
07/27/22,3951.43,4039.56,3951.43,4023.61,SPX
07/27/22,31865.05,32336.23,31799.43,32197.59,DJIA
07/27/23,4598.26,4607.07,4528.56,4537.41,SPX
07/27/23,74.25,75.47,74.14,75.43,CAC
07/27/23,35558.79,35645.35,35216.58,35282.72,DJIA
07/28/20,26529.45,26556.84,26361.71,26379.28,DJIA
07/28/20,3234.27,3243.72,3216.17,3218.44,SPX
07/28/20,48.55,48.75,48.2,48.58,CAC
07/28/21,35109.95,35116.37,34876.84,34930.93,DJIA
07/28/21,64.37,64.98,64.22,64.97,CAC
07/28/21,4402.95,4415.47,4387.01,4400.64,SPX
07/28/22,4026.13,4078.95,3992.97,4072.43,SPX
07/28/22,61.85,62.32,61.34,62.32,CAC
07/28/22,32197.62,32609.54,31982.61,32529.63,DJIA
07/28/23,35443.49,35565.51,35355.15,35459.29,DJIA
07/28/23,4565.75,4590.16,4564.01,4582.23,SPX
07/28/23,75.2,75.68,74.87,75.55,CAC
07/29/20,26388.44,26602.45,26375.39,26539.57,DJIA
07/29/20,3227.22,3264.74,3227.22,3258.44,SPX
07/29/20,48.84,49.01,48.78,48.83,CAC
07/29/21,65.4,65.57,65.24,65.24,CAC
07/29/21,34985.99,35171.52,34985.99,35084.53,DJIA
07/29/21,4403.59,4429.97,4403.59,4419.15,SPX
07/29/22,4087.33,4140.15,4079.22,4130.29,SPX
07/29/22,32515.62,32910.18,32493.02,32845.13,DJIA
07/29/22,62.96,63.63,62.96,63.47,CAC
07/30/20,48.74,48.74,47.33,47.77,CAC
07/30/20,26367.42,26374.93,25992.28,26313.65,DJIA
07/30/20,3231.76,3250.92,3204.13,3246.22,SPX
07/30/21,65.04,65.35,64.93,65.01,CAC
07/30/21,4395.12,4412.25,4389.65,4395.26,SPX
07/30/21,35013.26,35106.3,34871.13,34935.47,DJIA
07/31/20,47.9,48.28,47.11,47.11,CAC
07/31/20,3270.45,3272.17,3220.26,3271.12,SPX
07/31/20,26409.33,26440.02,26013.59,26428.32,DJIA
07/31/23,4584.82,4594.22,4573.14,4588.96,SPX
07/31/23,35465.97,35566.95,35430.22,35559.53,DJIA
07/31/23,75.43,75.95,75.37,75.67,CAC
08/01/22,32755.71,32972.03,32640.79,32798.4,DJIA
08/01/22,63.34,63.75,63.25,63.31,CAC
08/01/22,4112.38,4144.95,4096.02,4118.63,SPX
08/01/23,35585.99,35679.13,35526.61,35630.68,DJIA
08/01/23,4578.83,4584.62,4567.53,4576.73,SPX
08/01/23,75.55,75.72,74.69,74.71,CAC
08/02/21,65.55,65.8,65.43,65.66,CAC
08/02/21,34968.56,35192.11,34808.2,34838.16,DJIA
08/02/21,4406.86,4422.18,4384.81,4387.16,SPX
08/02/22,32691.29,32772.93,32387.12,32396.17,DJIA
08/02/22,4104.21,4140.47,4079.81,4091.19,SPX
08/02/22,63.05,63.22,62.73,63.0,CAC
08/02/23,73.78,74.44,73.51,73.81,CAC
08/02/23,4550.93,4550.93,4505.75,4513.39,SPX
08/02/23,35551.92,35551.92,35226.26,35282.52,DJIA
08/03/20,47.32,48.25,46.93,48.06,CAC
08/03/20,3288.26,3302.73,3284.53,3294.61,SPX
08/03/20,26542.32,26707.26,26534.38,26664.4,DJIA
08/03/21,4392.74,4423.79,4373.0,4423.15,SPX
08/03/21,34864.1,35120.94,34714.33,35116.4,DJIA
08/03/21,65.83,66.37,65.82,66.11,CAC
08/03/22,62.9,63.68,62.9,63.65,CAC
08/03/22,32514.21,32912.74,32514.21,32812.5,DJIA
08/03/22,4107.96,4167.66,4107.96,4155.17,SPX
08/03/23,73.23,73.38,72.8,73.24,CAC
08/03/23,4494.27,4519.49,4485.54,4501.89,SPX
08/03/23,35194.56,35348.2,35122.32,35215.89,DJIA
08/04/20,48.42,48.42,47.9,48.18,CAC
08/04/20,3289.92,3306.84,3286.37,3306.51,SPX
08/04/20,26664.61,26832.72,26597.82,26828.47,DJIA
08/04/21,35047.44,35047.44,34790.62,34792.67,DJIA
08/04/21,66.38,66.53,66.24,66.37,CAC
08/04/21,4415.95,4416.17,4400.23,4402.66,SPX
08/04/22,4154.85,4161.29,4135.42,4151.94,SPX
08/04/22,32805.69,32829.22,32652.63,32726.82,DJIA
08/04/22,63.8,64.41,63.8,64.04,CAC
08/04/23,4513.96,4540.34,4474.55,4478.03,SPX
08/04/23,73.45,73.88,73.1,73.87,CAC
08/04/23,35230.13,35506.88,35033.76,35065.62,DJIA
08/05/20,26924.78,27221.67,26924.78,27201.52,DJIA
08/05/20,48.53,48.8,48.32,48.52,CAC
08/05/20,3317.37,3330.77,3317.37,3327.77,SPX
08/05/21,66.4,66.74,66.4,66.72,CAC
08/05/21,4408.86,4429.76,4408.86,4429.1,SPX
08/05/21,34815.61,35067.54,34815.61,35064.25,DJIA
08/05/22,4115.87,4151.58,4107.31,4145.19,SPX
08/05/22,32593.9,32814.61,32489.62,32803.47,DJIA
08/05/22,63.99,64.16,63.44,63.66,CAC
08/06/20,27170.82,27394.1,27145.25,27386.98,DJIA
08/06/20,48.34,48.77,47.89,48.13,CAC
08/06/20,3323.17,3351.03,3318.14,3349.16,SPX
08/06/21,4429.07,4440.82,4429.07,4436.52,SPX
08/06/21,35077.44,35246.79,35077.44,35208.51,DJIA
08/06/21,66.66,67.19,66.51,67.07,CAC
08/07/20,48.09,48.17,47.7,48.14,CAC
08/07/20,27321.68,27456.24,27223.55,27433.48,DJIA
08/07/20,3340.05,3352.54,3328.72,3351.28,SPX
08/07/23,35125.6,35497.38,35125.6,35473.13,DJIA
08/07/23,73.65,73.96,73.34,73.87,CAC
08/07/23,4491.58,4519.84,4491.15,4518.44,SPX
08/08/22,4155.93,4186.62,4128.97,4140.06,SPX
08/08/22,64.07,64.54,63.96,64.2,CAC
08/08/22,32877.36,33109.96,32769.1,32832.54,DJIA
08/08/23,4498.03,4503.31,4464.39,4499.38,SPX
08/08/23,73.55,73.8,72.86,73.37,CAC
08/08/23,35345.4,35346.64,35007.41,35314.49,DJIA
08/09/21,35229.67,35229.67,35041.24,35101.85,DJIA
08/09/21,67.13,67.21,66.97,67.03,CAC
08/09/21,4437.77,4439.39,4424.74,4432.35,SPX
08/09/22,64.02,64.18,63.74,63.82,CAC
08/09/22,4133.11,4137.3,4112.09,4122.47,SPX
08/09/22,32807.36,32877.53,32702.66,32774.41,DJIA
08/09/23,74.37,74.46,73.79,73.88,CAC
08/09/23,35324.28,35370.89,35058.73,35123.36,DJIA
08/09/23,4501.57,4502.44,4461.33,4467.71,SPX
08/10/20,3356.04,3363.29,3335.44,3360.47,SPX
08/10/20,27488.21,27803.86,27488.21,27791.44,DJIA
08/10/20,48.31,48.54,48.03,48.33,CAC
08/10/21,4435.79,4445.21,4430.03,4436.75,SPX
08/10/21,35135.17,35285.16,35091.91,35264.67,DJIA
08/10/21,67.09,67.18,66.98,67.07,CAC
08/10/22,4181.02,4211.03,4177.26,4210.24,SPX
08/10/22,63.62,64.39,63.5,64.26,CAC
08/10/22,33130.63,33364.41,33130.63,33309.51,DJIA
08/10/23,35231.54,35578.58,35107.6,35176.15,DJIA
08/10/23,4487.16,4527.37,4457.92,4468.83,SPX
08/10/23,74.5,75.28,74.41,74.99,CAC
08/11/20,27961.64,28154.88,27624.51,27686.91,DJIA
08/11/20,3370.34,3381.01,3326.44,3333.69,SPX
08/11/20,48.87,49.73,48.86,49.51,CAC
08/11/21,35300.89,35501.16,35300.89,35484.97,DJIA
08/11/21,4442.18,4449.44,4436.42,4447.7,SPX
08/11/21,67.27,67.53,67.1,67.47,CAC
08/11/22,33451.51,33651.8,33289.83,33336.67,DJIA
08/11/22,64.55,64.58,64.02,64.35,CAC
08/11/22,4227.4,4257.91,4201.41,4207.27,SPX
08/11/23,35111.36,35354.6,35059.99,35281.4,DJIA
08/11/23,74.59,74.7,73.84,74.03,CAC
08/11/23,4450.69,4476.23,4443.98,4464.05,SPX
08/12/20,3355.46,3387.89,3355.46,3380.35,SPX
08/12/20,27860.24,28043.89,27843.32,27976.84,DJIA
08/12/20,49.34,50.15,49.34,49.99,CAC
08/12/21,4446.08,4461.77,4435.96,4460.83,SPX
08/12/21,67.47,67.74,67.42,67.69,CAC
08/12/21,35481.94,35510.77,35352.53,35499.85,DJIA
08/12/22,64.48,64.8,64.4,64.49,CAC
08/12/22,4225.02,4280.47,4219.78,4280.15,SPX
08/12/22,33430.72,33767.09,33398.32,33761.05,DJIA
08/13/20,27922.51,27986.1,27789.78,27896.72,DJIA
08/13/20,3372.95,3387.24,3363.35,3373.43,SPX
08/13/20,49.84,50.0,49.65,49.66,CAC
08/13/21,35551.56,35610.57,35474.78,35515.38,DJIA
08/13/21,67.78,67.98,67.68,67.81,CAC
08/13/21,4464.84,4468.37,4460.82,4468.0,SPX
08/14/20,3368.66,3378.51,3361.64,3372.85,SPX
08/14/20,49.32,49.32,48.47,48.87,CAC
08/14/20,27828.93,27977.81,27759.39,27931.02,DJIA
08/14/23,35273.89,35335.45,35169.97,35307.63,DJIA
08/14/23,4458.13,4490.33,4453.44,4489.72,SPX
08/14/23,74.01,74.37,73.8,74.13,CAC
08/15/22,64.79,64.79,64.35,64.63,CAC
08/15/22,4269.37,4301.79,4256.9,4297.14,SPX
08/15/22,33710.7,33954.71,33582.96,33912.44,DJIA
08/15/23,4478.87,4478.87,4432.19,4437.86,SPX
08/15/23,35219.37,35219.37,34908.5,34946.39,DJIA
08/15/23,74.17,74.17,73.02,73.29,CAC
08/16/21,4461.65,4480.26,4437.66,4479.71,SPX
08/16/21,67.26,67.46,67.03,67.26,CAC
08/16/21,35490.83,35631.19,35231.87,35625.4,DJIA
08/16/22,33924.35,34281.36,33852.57,34152.01,DJIA
08/16/22,64.83,65.02,64.63,64.9,CAC
08/16/22,4290.46,4325.28,4277.77,4305.2,SPX
08/16/23,73.21,73.66,73.2,73.29,CAC
08/16/23,34914.96,35133.56,34757.37,34765.74,DJIA
08/16/23,4433.79,4449.95,4403.55,4404.33,SPX
08/17/20,27970.05,27999.81,27816.4,27844.91,DJIA
08/17/20,49.12,49.18,48.66,49.0,CAC
08/17/20,3380.86,3387.59,3379.22,3381.99,SPX
08/17/21,4462.12,4462.12,4417.83,4448.08,SPX
08/17/21,35500.01,35500.01,35120.31,35343.28,DJIA
08/17/21,66.89,67.09,66.77,67.04,CAC
08/17/22,64.99,64.99,64.16,64.17,CAC
08/17/22,34029.55,34161.01,33828.41,33980.32,DJIA
08/17/22,4280.4,4302.18,4253.08,4274.04,SPX
08/17/23,72.97,73.26,72.49,72.68,CAC
08/17/23,4416.32,4421.17,4364.83,4370.36,SPX
08/17/23,34829.61,34888.48,34440.73,34474.83,DJIA
08/18/20,48.69,49.2,48.53,48.63,CAC
08/18/20,27853.48,27891.12,27668.79,27778.07,DJIA
08/18/20,3387.04,3395.06,3370.15,3389.78,SPX
08/18/21,4440.94,4454.32,4397.59,4400.27,SPX
08/18/21,67.11,67.14,66.47,66.57,CAC
08/18/21,35310.2,35356.8,34943.41,34960.69,DJIA
08/18/22,4273.13,4292.53,4261.98,4283.74,SPX
08/18/22,33981.86,34043.83,33844.46,33999.04,DJIA
08/18/22,64.21,64.69,64.18,64.51,CAC
08/18/23,4344.88,4381.82,4335.31,4369.71,SPX
08/18/23,72.15,72.38,71.59,72.3,CAC
08/18/23,34368.36,34587.07,34263.19,34500.66,DJIA
08/19/20,48.53,49.03,48.42,49.03,CAC
08/19/20,27811.26,27920.42,27647.67,27692.88,DJIA
08/19/20,3392.51,3399.54,3369.66,3374.85,SPX
08/19/21,65.37,65.49,64.53,64.95,CAC
08/19/21,4382.44,4418.61,4367.73,4405.8,SPX
08/19/21,34874.67,34997.81,34690.25,34894.12,DJIA
08/19/22,4266.31,4266.31,4218.7,4228.48,SPX
08/19/22,33904.69,33904.69,33627.09,33706.74,DJIA
08/19/22,64.24,64.4,63.85,63.86,CAC
08/20/20,27622.68,27781.46,27526.25,27739.73,DJIA
08/20/20,48.34,48.56,48.17,48.39,CAC
08/20/20,3360.48,3390.8,3354.69,3385.51,SPX
08/20/21,34917.96,35177.26,34867.07,35120.08,DJIA
08/20/21,4410.56,4444.35,4406.8,4441.67,SPX
08/20/21,65.0,65.23,64.6,65.19,CAC
08/21/20,48.53,48.65,47.67,48.24,CAC
08/21/20,3386.01,3399.96,3379.31,3397.16,SPX
08/21/20,27758.13,27959.48,27686.78,27930.33,DJIA
08/21/23,72.5,73.22,72.5,72.65,CAC
08/21/23,34531.28,34570.96,34248.46,34463.69,DJIA
08/21/23,4380.28,4407.55,4360.3,4399.77,SPX
08/22/22,33586.59,33586.59,33007.63,33063.61,DJIA
08/22/22,63.46,63.5,62.5,62.73,CAC
08/22/22,4195.08,4195.08,4129.86,4137.99,SPX
08/22/23,72.99,73.6,72.96,73.06,CAC
08/22/23,4415.33,4418.59,4382.77,4387.55,SPX
08/22/23,34494.17,34514.04,34256.84,34288.83,DJIA
08/23/21,65.81,65.87,65.46,65.79,CAC
08/23/21,35160.97,35428.91,35160.97,35335.71,DJIA
08/23/21,4450.29,4489.88,4450.29,4479.53,SPX
08/23/22,4133.09,4159.77,4124.03,4128.73,SPX
08/23/22,62.46,62.97,62.39,62.59,CAC
08/23/22,33033.52,33138.26,32858.89,32909.59,DJIA
08/23/23,4396.44,4443.18,4396.44,4436.01,SPX
08/23/23,34338.59,34534.72,34321.0,34472.98,DJIA
08/23/23,73.36,73.58,72.87,73.08,CAC
08/24/20,3418.09,3432.09,3413.13,3431.28,SPX
08/24/20,48.89,49.35,48.86,49.33,CAC
08/24/20,28077.58,28314.94,28041.75,28308.46,DJIA
08/24/21,35382.72,35445.47,35356.18,35366.26,DJIA
08/24/21,4484.4,4492.81,4482.28,4486.23,SPX
08/24/21,66.02,66.07,65.24,65.51,CAC
08/24/22,4126.55,4156.56,4119.97,4140.77,SPX
08/24/22,62.42,62.89,62.17,62.84,CAC
08/24/22,32899.01,33095.5,32828.56,32969.23,DJIA
08/24/23,4455.16,4458.3,4375.55,4376.31,SPX
08/24/23,73.98,74.09,72.74,72.78,CAC
08/24/23,34439.83,34694.68,34093.65,34099.42,DJIA
08/25/20,49.76,49.96,49.32,49.33,CAC
08/25/20,28347.42,28400.74,28094.57,28248.44,DJIA
08/25/20,3435.95,3444.21,3425.84,3443.62,SPX
08/25/21,4490.45,4501.71,4485.66,4496.19,SPX
08/25/21,35388.77,35501.14,35287.63,35405.5,DJIA
08/25/21,65.71,65.75,65.58,65.68,CAC
08/25/22,63.27,63.3,62.65,62.73,CAC
08/25/22,4153.26,4200.54,4147.59,4199.12,SPX
08/25/22,33029.27,33306.09,32889.85,33291.78,DJIA
08/25/23,72.72,73.46,72.7,72.95,CAC
08/25/23,34217.06,34441.91,34029.22,34346.9,DJIA
08/25/23,4389.38,4418.46,4356.29,4405.71,SPX
08/26/20,28257.88,28353.8,28153.91,28331.92,DJIA
08/26/20,49.06,49.73,49.0,49.73,CAC
08/26/20,3449.97,3481.07,3444.15,3478.73,SPX
08/26/21,65.35,65.58,65.09,65.54,CAC
08/26/21,4493.75,4495.9,4468.99,4470.0,SPX
08/26/21,35449.68,35498.45,35205.1,35213.12,DJIA
08/26/22,33293.43,33364.7,32278.22,32283.4,DJIA
08/26/22,63.09,63.2,61.5,61.67,CAC
08/26/22,4198.74,4203.04,4057.66,4057.66,SPX
08/27/20,28384.07,28634.22,28363.93,28492.27,DJIA
08/27/20,49.7,49.71,49.29,49.37,CAC
08/27/20,3485.14,3501.38,3468.35,3484.55,SPX
08/27/21,4474.1,4513.33,4474.1,4509.37,SPX
08/27/21,35231.11,35479.18,35231.11,35455.8,DJIA
08/27/21,65.37,65.7,65.33,65.7,CAC
08/28/20,49.43,49.5,48.97,49.22,CAC
08/28/20,3494.69,3509.23,3484.32,3508.01,SPX
08/28/20,28601.29,28733.35,28487.98,28653.87,DJIA
08/28/23,4426.03,4439.56,4414.98,4433.31,SPX
08/28/23,73.55,74.06,73.29,73.98,CAC
08/28/23,34441.64,34652.91,34441.64,34559.98,DJIA
08/29/22,61.1,61.21,60.54,61.21,CAC
08/29/22,4034.58,4062.99,4017.42,4030.61,SPX
08/29/22,32188.0,32325.16,31972.79,32098.99,DJIA
08/29/23,74.1,74.57,73.89,74.5,CAC
08/29/23,4432.75,4500.14,4431.68,4497.63,SPX
08/29/23,34531.12,34864.42,34531.12,34852.67,DJIA
08/30/21,65.7,65.85,65.64,65.73,CAC
08/30/21,4513.76,4537.36,4513.76,4528.79,SPX
08/30/21,35471.8,35510.71,35374.46,35399.84,DJIA
08/30/22,61.43,62.0,60.8,61.1,CAC
08/30/22,32163.84,32205.66,31647.22,31790.87,DJIA
08/30/22,4041.25,4044.98,3965.21,3986.16,SPX
08/30/23,74.53,74.77,73.92,74.41,CAC
08/30/23,34847.8,35025.57,34811.74,34890.24,DJIA
08/30/23,4500.34,4521.65,4493.59,4514.87,SPX
08/31/20,3509.73,3514.77,3493.25,3500.31,SPX
08/31/20,28643.66,28643.66,28363.55,28430.05,DJIA
08/31/20,49.7,49.9,48.7,48.71,CAC
08/31/21,4529.75,4531.39,4515.8,4522.68,SPX
08/31/21,35391.38,35449.79,35289.86,35360.73,DJIA
08/31/21,65.8,65.96,65.38,65.69,CAC
08/31/22,4000.67,4015.37,3954.53,3955.0,SPX
08/31/22,31827.15,31966.04,31509.59,31510.43,DJIA
08/31/22,61.15,61.23,60.14,60.14,CAC
08/31/23,74.3,74.59,73.9,73.9,CAC
08/31/23,4517.01,4532.26,4507.39,4507.66,SPX
08/31/23,34909.09,35070.21,34719.77,34721.91,DJIA
09/01/20,48.94,49.15,48.18,48.64,CAC
09/01/20,28439.61,28659.26,28290.72,28645.66,DJIA
09/01/20,3507.44,3528.03,3494.6,3526.65,SPX
09/01/21,4528.8,4537.11,4522.02,4524.09,SPX
09/01/21,35387.55,35407.37,35287.05,35312.53,DJIA
09/01/21,66.25,66.68,66.15,66.43,CAC
09/01/22,31454.58,31677.51,31219.75,31656.42,DJIA
09/01/22,59.69,59.69,59.12,59.31,CAC
09/01/22,3936.73,3970.23,3903.65,3966.85,SPX
09/01/23,73.76,74.3,73.67,73.71,CAC
09/01/23,4530.85,4541.25,4501.35,4515.77,SPX
09/01/23,34876.24,34979.18,34720.7,34837.71,DJIA
09/02/20,28736.79,29162.88,28713.53,29100.5,DJIA
09/02/20,3543.76,3588.11,3535.23,3580.84,SPX
09/02/20,49.0,49.82,48.99,49.55,CAC
09/02/21,4534.48,4545.85,4524.66,4536.95,SPX
09/02/21,66.43,66.62,66.43,66.49,CAC
09/02/21,35353.06,35475.4,35348.48,35443.82,DJIA
09/02/22,3996.39,4018.43,3906.21,3924.26,SPX
09/02/22,59.63,60.78,59.5,60.66,CAC
09/02/22,31848.5,32026.9,31182.09,31318.44,DJIA
09/03/20,3564.74,3564.85,3427.41,3455.06,SPX
09/03/20,29090.7,29199.35,28074.76,28292.73,DJIA
09/03/20,50.17,50.52,49.1,49.34,CAC
09/03/21,4532.42,4541.45,4521.3,4535.43,SPX
09/03/21,35401.73,35422.71,35269.4,35369.09,DJIA
09/03/21,66.28,66.31,65.55,65.75,CAC
09/04/20,48.81,49.9,48.56,48.96,CAC
09/04/20,28341.05,28539.75,27664.68,28133.31,DJIA
09/04/20,3453.6,3479.15,3349.63,3426.96,SPX
09/04/23,74.12,74.35,73.42,73.56,CAC
09/05/22,59.55,60.01,59.17,59.89,CAC
09/05/23,4510.06,4514.29,4496.01,4496.83,SPX
09/05/23,72.95,73.63,72.58,73.31,CAC
09/05/23,34843.22,34871.26,34635.63,34641.97,DJIA
09/06/21,65.94,66.42,65.94,66.28,CAC
09/06/22,60.03,60.34,59.58,60.05,CAC
09/06/22,31343.79,31463.89,31048.46,31145.3,DJIA
09/06/22,3930.89,3942.55,3886.75,3908.19,SPX
09/06/23,4490.35,4490.35,4442.38,4465.48,SPX
09/06/23,72.86,73.02,72.48,72.71,CAC
09/06/23,34611.68,34611.68,34291.56,34443.19,DJIA
09/07/20,49.27,49.89,49.25,49.84,CAC
09/07/21,35373.24,35373.24,35060.9,35100.0,DJIA
09/07/21,66.23,66.31,66.1,66.12,CAC
09/07/21,4535.38,4535.38,4513.0,4520.03,SPX
09/07/22,3909.43,3987.89,3906.03,3979.87,SPX
09/07/22,31145.63,31644.34,31095.21,31581.28,DJIA
09/07/22,59.58,60.18,59.45,60.03,CAC
09/07/23,4434.55,4457.81,4430.46,4451.14,SPX
09/07/23,34351.18,34560.86,34351.18,34500.73,DJIA
09/07/23,72.51,73.13,72.48,72.7,CAC
09/08/20,49.79,49.8,48.68,49.1,CAC
09/08/20,27925.23,27925.23,27464.9,27500.89,DJIA
09/08/20,3371.88,3379.97,3329.27,3331.84,SPX
09/08/21,4518.09,4521.79,4493.95,4514.07,SPX
09/08/21,35087.45,35175.15,34925.61,35031.07,DJIA
09/08/21,65.55,65.98,65.15,65.56,CAC
09/08/22,3959.94,4010.5,3944.81,4006.18,SPX
09/08/22,60.34,60.4,59.35,60.29,CAC
09/08/22,31481.95,31783.37,31321.5,31774.52,DJIA
09/08/23,4451.3,4473.53,4448.38,4457.49,SPX
09/08/23,72.9,73.17,72.15,73.16,CAC
09/08/23,34487.41,34627.85,34473.57,34576.59,DJIA
09/09/20,49.21,49.9,49.11,49.75,CAC
09/09/20,3369.82,3424.77,3366.84,3398.96,SPX
09/09/20,27711.71,28206.21,27704.54,27940.47,DJIA
09/09/21,4513.02,4529.9,4492.07,4493.28,SPX
09/09/21,35013.08,35199.89,34847.3,34879.38,DJIA
09/09/21,65.02,65.94,64.97,65.74,CAC
09/09/22,31876.22,32227.74,31876.22,32151.71,DJIA
09/09/22,4022.94,4076.81,4022.94,4067.36,SPX
09/09/22,60.39,61.37,60.39,61.11,CAC
09/10/20,49.81,49.95,49.4,49.61,CAC
09/10/20,28022.51,28174.78,27447.08,27534.58,DJIA
09/10/20,3412.56,3425.55,3329.25,3339.19,SPX
09/10/21,4506.92,4520.47,4457.66,4458.58,SPX
09/10/21,65.95,66.08,65.4,65.47,CAC
09/10/21,34949.59,35104.25,34599.61,34607.72,DJIA
09/11/20,27613.86,27828.82,27448.15,27665.64,DJIA
09/11/20,49.47,49.83,49.32,49.67,CAC
09/11/20,3352.7,3368.95,3310.47,3340.97,SPX
09/11/23,73.51,73.9,73.26,73.48,CAC
09/11/23,4480.98,4490.77,4467.89,4487.46,SPX
09/11/23,34650.01,34784.52,34578.59,34663.72,DJIA
09/12/22,4083.67,4119.28,4083.67,4110.41,SPX
09/12/22,32159.49,32504.04,32159.49,32381.34,DJIA
09/12/22,61.39,62.44,61.25,62.26,CAC
09/12/23,4473.27,4487.11,4456.83,4461.9,SPX
09/12/23,34620.02,34852.61,34560.55,34645.99,DJIA
09/12/23,73.59,73.61,73.14,73.24,CAC
09/13/21,34665.5,34939.1,34665.5,34869.63,DJIA
09/13/21,65.88,66.09,65.62,65.65,CAC
09/13/21,4474.81,4492.99,4445.7,4468.73,SPX
09/13/22,62.54,62.81,61.4,61.4,CAC
09/13/22,4037.12,4037.12,3921.28,3932.69,SPX
09/13/22,32006.5,32006.5,31018.54,31104.97,DJIA
09/13/23,34667.28,34767.11,34509.95,34575.53,DJIA
09/13/23,72.98,73.17,72.54,72.89,CAC
09/13/23,4462.65,4479.39,4453.52,4467.44,SPX
09/14/20,3363.56,3402.93,3363.56,3383.54,SPX
09/14/20,27718.74,28086.06,27718.74,27993.33,DJIA
09/14/20,50.02,50.2,49.74,49.86,CAC
09/14/21,65.45,65.63,65.01,65.41,CAC
09/14/21,4479.33,4485.68,4435.46,4443.05,SPX
09/14/21,34906.9,34990.36,34510.3,34577.57,DJIA
09/14/22,31141.02,31276.82,30885.02,31135.09,DJIA
09/14/22,3940.73,3961.94,3912.18,3946.01,SPX
09/14/22,61.16,61.41,60.77,61.19,CAC
09/14/23,72.75,73.92,72.52,73.83,CAC
09/14/23,34687.5,34977.97,34687.5,34907.11,DJIA
09/14/23,4487.78,4511.99,4478.69,4505.1,SPX
09/15/20,28139.76,28231.06,27931.45,27995.6,DJIA
09/15/20,49.93,50.21,49.71,50.03,CAC
09/15/20,3407.73,3419.48,3389.25,3401.2,SPX
09/15/21,65.31,65.41,64.65,64.76,CAC
09/15/21,4447.49,4486.87,4438.37,4480.7,SPX
09/15/21,34580.95,34880.77,34522.03,34814.39,DJIA
09/15/22,31124.68,31277.69,30882.08,30961.82,DJIA
09/15/22,61.16,61.35,60.4,60.56,CAC
09/15/22,3932.41,3959.14,3888.28,3901.35,SPX
09/15/23,74.62,75.0,74.33,74.46,CAC
09/15/23,34902.04,34902.04,34572.27,34618.24,DJIA
09/15/23,4497.98,4497.98,4447.21,4450.32,SPX
09/16/20,50.06,50.21,49.63,50.07,CAC
09/16/20,3411.23,3428.92,3384.45,3385.49,SPX
09/16/20,28031.69,28364.77,28021.67,28032.38,DJIA
09/16/21,4477.09,4485.87,4443.8,4473.75,SPX
09/16/21,34810.27,34943.55,34540.11,34751.32,DJIA
09/16/21,65.15,65.48,65.06,65.09,CAC
09/16/22,59.97,60.06,59.5,59.72,CAC
09/16/22,30866.61,30866.61,30550.08,30822.42,DJIA
09/16/22,3880.95,3880.95,3837.08,3873.33,SPX
09/17/20,27834.18,28056.79,27647.93,27901.98,DJIA
09/17/20,3346.86,3375.17,3328.82,3357.01,SPX
09/17/20,49.35,49.85,49.29,49.69,CAC
09/17/21,34737.86,34779.86,34519.63,34584.88,DJIA
09/17/21,4469.74,4471.52,4427.76,4432.99,SPX
09/17/21,65.7,65.8,64.4,64.52,CAC
09/18/20,49.66,49.7,49.12,49.13,CAC
09/18/20,27864.87,27946.69,27487.97,27657.42,DJIA
09/18/20,3357.38,3362.27,3292.4,3319.47,SPX
09/18/23,74.15,74.15,73.2,73.38,CAC
09/18/23,34612.29,34725.06,34545.35,34624.3,DJIA
09/18/23,4445.13,4466.36,4442.11,4453.53,SPX
09/19/22,59.16,59.83,58.75,59.6,CAC
09/19/22,30722.86,31026.89,30559.37,31019.68,DJIA
09/19/22,3849.91,3900.45,3838.5,3899.89,SPX
09/19/23,4445.41,4449.85,4416.61,4443.95,SPX
09/19/23,34571.84,34597.56,34311.69,34517.73,DJIA
09/19/23,73.24,73.66,73.16,73.44,CAC
09/20/21,63.44,63.6,62.81,63.44,CAC
09/20/21,4402.95,4402.95,4305.91,4357.73,SPX
09/20/21,34459.72,34459.72,33613.03,33970.47,DJIA
09/20/22,59.77,60.1,58.65,58.77,CAC
09/20/22,30888.53,30888.53,30465.91,30706.23,DJIA
09/20/22,3875.23,3876.01,3827.54,3855.93,SPX
09/20/23,34575.5,34776.28,34434.29,34440.88,DJIA
09/20/23,4452.81,4461.03,4401.38,4402.2,SPX
09/20/23,73.59,74.24,73.45,74.07,CAC
09/21/20,3285.57,3285.57,3229.1,3281.06,SPX
09/21/20,27484.71,27484.71,26715.15,27147.7,DJIA
09/21/20,48.66,48.68,47.22,47.34,CAC
09/21/21,63.9,64.63,63.9,64.45,CAC
09/21/21,4374.45,4394.87,4347.96,4354.19,SPX
09/21/21,34025.61,34313.88,33914.02,33919.84,DJIA
09/21/22,3871.4,3907.07,3789.49,3789.93,SPX
09/21/22,58.32,59.37,58.2,59.34,CAC
09/21/22,30819.39,31020.79,30181.99,30183.78,DJIA
09/21/23,73.32,73.37,72.7,72.81,CAC
09/21/23,34332.23,34378.3,34058.72,34070.42,DJIA
09/21/23,4374.36,4375.7,4329.17,4330.0,SPX
09/22/20,47.59,47.68,47.19,47.19,CAC
09/22/20,3295.75,3320.31,3270.95,3315.57,SPX
09/22/20,27170.34,27333.09,26989.93,27288.18,DJIA
09/22/21,65.12,65.35,64.98,65.25,CAC
09/22/21,34006.87,34440.42,34006.87,34258.32,DJIA
09/22/21,4367.43,4416.75,4367.43,4395.64,SPX
09/22/22,30204.52,30302.28,29994.53,30076.68,DJIA
09/22/22,58.38,59.17,58.24,58.28,CAC
09/22/22,3782.36,3790.9,3749.45,3757.99,SPX
09/22/23,34077.08,34156.15,33947.24,33963.84,DJIA
09/22/23,4341.74,4357.4,4316.49,4320.06,SPX
09/22/23,72.1,72.74,72.06,72.57,CAC
09/23/20,27413.6,27464.46,26716.12,26763.13,DJIA
09/23/20,47.61,48.13,47.47,47.47,CAC
09/23/20,3320.11,3323.35,3232.57,3236.92,SPX
09/23/21,4406.75,4465.4,4406.75,4448.98,SPX
09/23/21,65.75,66.08,65.61,65.89,CAC
09/23/21,34296.3,34879.78,34296.3,34764.82,DJIA
09/23/22,3727.14,3727.14,3647.47,3693.23,SPX
09/23/22,29955.65,29955.65,29250.47,29590.41,DJIA
09/23/22,58.06,58.19,56.74,56.95,CAC
09/24/20,46.95,47.45,46.86,47.07,CAC
09/24/20,3226.14,3278.7,3209.45,3246.59,SPX
09/24/20,26716.09,27094.85,26537.01,26815.44,DJIA
09/24/21,65.55,65.55,65.19,65.27,CAC
09/24/21,4438.04,4463.12,4430.27,4455.48,SPX
09/24/21,34762.31,34857.06,34648.08,34798.0,DJIA
09/25/20,3236.66,3306.88,3228.44,3298.46,SPX
09/25/20,26694.51,27239.29,26635.38,27173.96,DJIA
09/25/20,46.86,47.05,46.16,46.8,CAC
09/25/23,72.32,72.74,71.65,72.02,CAC
09/25/23,4310.62,4338.51,4302.7,4337.44,SPX
09/25/23,33907.59,34017.53,33780.67,34006.88,DJIA
09/26/22,56.86,57.39,56.48,56.83,CAC
09/26/22,29536.84,29630.77,29161.12,29260.81,DJIA
09/26/22,3682.72,3715.67,3644.76,3655.04,SPX
09/26/23,71.59,71.73,71.1,71.46,CAC
09/26/23,33862.68,33879.93,33569.6,33618.88,DJIA
09/26/23,4312.88,4313.01,4265.98,4273.53,SPX
09/27/21,34739.27,35061.12,34739.27,34869.37,DJIA
09/27/21,65.75,65.76,65.39,65.43,CAC
09/27/21,4442.12,4457.3,4436.19,4443.11,SPX
09/27/22,57.2,57.6,56.67,56.67,CAC
09/27/22,29419.88,29659.12,28958.22,29134.99,DJIA
09/27/22,3686.44,3717.53,3623.29,3647.29,SPX
09/27/23,4282.63,4292.07,4238.63,4274.51,SPX
09/27/23,71.46,71.83,71.23,71.43,CAC
09/27/23,33682.81,33731.65,33306.3,33550.27,DJIA
09/28/20,3333.9,3360.74,3332.91,3351.6,SPX
09/28/20,47.53,47.96,47.37,47.95,CAC
09/28/20,27362.14,27722.6,27362.14,27584.06,DJIA
09/28/21,65.34,65.39,63.95,64.07,CAC
09/28/21,4419.54,4419.54,4346.33,4352.63,SPX
09/28/21,34747.7,34798.21,34254.65,34299.99,DJIA
09/28/22,29198.92,29811.78,29114.97,29683.74,DJIA
09/28/22,3651.94,3736.74,3640.61,3719.04,SPX
09/28/22,56.37,56.85,55.65,56.79,CAC
09/28/23,33519.44,33777.9,33473.5,33666.34,DJIA
09/28/23,71.56,71.93,71.14,71.93,CAC
09/28/23,4269.65,4317.27,4264.38,4299.7,SPX
09/29/20,47.78,47.95,47.53,47.81,CAC
09/29/20,27560.24,27605.6,27338.09,27452.66,DJIA
09/29/20,3350.92,3357.92,3327.54,3335.47,SPX
09/29/21,4362.41,4385.57,4355.08,4359.46,SPX
09/29/21,34360.08,34580.42,34305.96,34390.72,DJIA
09/29/21,64.44,64.87,64.4,64.62,CAC
09/29/22,3687.01,3687.01,3610.4,3640.47,SPX
09/29/22,56.28,56.29,55.43,55.91,CAC
09/29/22,29513.73,29513.73,28997.34,29225.61,DJIA
09/29/23,72.3,72.77,72.11,72.11,CAC
09/29/23,33882.61,33893.68,33407.45,33507.5,DJIA
09/29/23,4328.18,4333.15,4274.86,4288.05,SPX
09/30/20,47.51,47.95,47.34,47.58,CAC
09/30/20,27514.64,28026.33,27511.06,27781.7,DJIA
09/30/20,3341.21,3393.56,3340.47,3363.0,SPX
09/30/21,65.09,65.13,64.13,64.14,CAC
09/30/21,4370.67,4382.55,4306.24,4307.54,SPX
09/30/21,34467.98,34557.37,33833.32,33843.92,DJIA
09/30/22,29123.03,29355.78,28715.85,28725.51,DJIA
09/30/22,56.29,56.74,55.97,56.7,CAC
09/30/22,3633.48,3671.44,3584.13,3585.62,SPX
10/01/20,27940.63,28041.46,27669.26,27816.9,DJIA
10/01/20,3385.87,3397.18,3361.39,3380.8,SPX
10/01/20,48.05,48.18,47.52,47.72,CAC
10/01/21,33930.7,34490.56,33785.54,34326.46,DJIA
10/01/21,63.21,64.34,63.14,64.14,CAC
10/01/21,4317.16,4375.19,4288.52,4357.04,SPX
10/02/20,47.11,47.72,47.11,47.72,CAC
10/02/20,3338.94,3369.1,3323.69,3348.44,SPX
10/02/20,27536.39,27861.43,27382.94,27682.81,DJIA
10/02/23,4284.52,4300.58,4260.21,4288.39,SPX
10/02/23,33455.5,33511.91,33219.56,33433.35,DJIA
10/02/23,72.33,72.65,71.08,71.4,CAC
10/03/22,3609.78,3698.35,3604.93,3678.43,SPX
10/03/22,28855.25,29647.79,28855.25,29490.89,DJIA
10/03/22,56.06,57.09,55.65,57.03,CAC
10/03/23,4269.75,4281.15,4216.45,4229.45,SPX
10/03/23,33318.84,33398.54,32916.2,33002.38,DJIA
10/03/23,71.17,71.51,70.6,70.79,CAC
10/04/21,34312.96,34410.28,33821.58,34002.92,DJIA
10/04/21,63.74,64.41,63.57,63.78,CAC
10/04/21,4348.84,4355.51,4278.94,4300.46,SPX
10/04/22,3726.46,3791.92,3726.46,3790.93,SPX
10/04/22,29826.67,30325.05,29826.67,30316.32,DJIA
10/04/22,57.68,59.41,57.68,59.41,CAC
10/04/23,33034.18,33156.45,32873.23,33129.55,DJIA
10/04/23,4233.83,4268.5,4220.48,4263.75,SPX
10/04/23,70.35,71.2,70.2,70.64,CAC
10/05/20,48.19,48.23,47.93,48.16,CAC
10/05/20,3367.27,3409.57,3367.27,3408.63,SPX
10/05/20,27825.42,28162.64,27825.42,28148.64,DJIA
10/05/21,4309.87,4369.23,4309.87,4345.72,SPX
10/05/21,63.88,64.79,63.88,64.77,CAC
10/05/21,34035.25,34490.95,34035.25,34314.67,DJIA
10/05/22,3753.25,3806.91,3722.66,3783.28,SPX
10/05/22,30078.36,30454.46,29886.44,30273.87,DJIA
10/05/22,59.12,59.32,58.55,58.81,CAC
10/05/23,70.69,70.95,70.4,70.68,CAC
10/05/23,4259.31,4267.13,4225.91,4258.19,SPX
10/05/23,33099.23,33174.38,32941.56,33119.57,DJIA
10/06/20,3408.74,3431.56,3354.54,3360.95,SPX
10/06/20,28214.24,28354.48,27728.03,27772.76,DJIA
10/06/20,48.26,48.7,47.98,48.41,CAC
10/06/21,4319.57,4365.57,4290.49,4363.55,SPX
10/06/21,64.01,64.07,63.24,63.99,CAC
10/06/21,34198.96,34432.68,33854.69,34416.99,DJIA
10/06/22,3771.97,3797.93,3739.22,3744.52,SPX
10/06/22,30206.13,30329.61,29859.34,29926.94,DJIA
10/06/22,59.07,59.2,58.2,58.34,CAC
10/06/23,33040.7,33557.69,32846.94,33407.58,DJIA
10/06/23,70.83,71.33,70.5,71.33,CAC
10/06/23,4234.79,4324.1,4219.55,4308.5,SPX
10/07/20,27971.36,28369.66,27971.36,28303.46,DJIA
10/07/20,48.42,48.59,48.04,48.18,CAC
10/07/20,3384.56,3426.26,3384.56,3419.45,SPX
10/07/21,64.74,65.15,64.49,65.0,CAC
10/07/21,34509.72,34975.19,34509.72,34754.94,DJIA
10/07/21,4383.73,4429.97,4383.73,4399.76,SPX
10/07/22,3706.74,3706.74,3620.73,3639.66,SPX
10/07/22,58.4,58.55,57.59,57.71,CAC
10/07/22,29685.27,29685.27,29142.66,29296.79,DJIA
10/08/20,48.54,48.7,48.2,48.52,CAC
10/08/20,28348.86,28459.13,28265.56,28425.51,DJIA
10/08/20,3434.28,3447.28,3428.15,3446.83,SPX
10/08/21,65.09,65.13,64.6,64.6,CAC
10/08/21,34757.57,34842.62,34661.95,34746.25,DJIA
10/08/21,4406.51,4412.02,4386.22,4391.34,SPX
10/09/20,48.75,48.88,48.59,48.79,CAC
10/09/20,28533.61,28676.29,28440.63,28586.9,DJIA
10/09/20,3459.67,3482.34,3458.07,3477.13,SPX
10/09/23,33259.84,33631.81,33253.69,33604.65,DJIA
10/09/23,71.09,71.27,70.5,70.92,CAC
10/09/23,4289.02,4341.73,4283.79,4335.66,SPX
10/10/22,29419.09,29485.82,29010.41,29202.88,DJIA
10/10/22,3647.51,3652.17,3588.1,3612.39,SPX
10/10/22,57.34,57.85,57.06,57.45,CAC
10/10/23,71.62,72.39,71.62,72.31,CAC
10/10/23,33683.41,33898.22,33604.32,33739.3,DJIA
10/10/23,4339.75,4385.46,4339.64,4358.24,SPX
10/11/21,34723.79,34951.35,34486.51,34496.06,DJIA
10/11/21,4385.44,4415.88,4360.59,4361.19,SPX
10/11/21,64.5,64.72,64.3,64.72,CAC
10/11/22,57.03,57.5,56.78,57.38,CAC
10/11/22,3595.86,3640.66,3568.45,3588.84,SPX
10/11/22,29085.2,29608.42,29074.23,29239.19,DJIA
10/11/23,33822.2,33882.55,33612.25,33804.87,DJIA
10/11/23,4366.59,4378.64,4345.34,4376.95,SPX
10/11/23,71.64,72.31,71.5,71.98,CAC
10/12/20,3500.02,3549.85,3499.61,3534.22,SPX
10/12/20,48.84,49.3,48.8,49.17,CAC
10/12/20,28671.12,28957.9,28659.67,28837.52,DJIA
10/12/21,63.96,64.5,63.93,64.5,CAC
10/12/21,34507.15,34611.24,34318.94,34378.34,DJIA
10/12/21,4368.31,4374.89,4342.09,4350.65,SPX
10/12/22,57.36,57.76,56.97,57.24,CAC
10/12/22,3590.83,3608.34,3573.86,3577.03,SPX
10/12/22,29233.06,29455.12,29136.03,29210.85,DJIA
10/12/23,4380.94,4385.85,4325.43,4349.61,SPX
10/12/23,33845.65,33863.8,33455.6,33631.14,DJIA
10/12/23,72.38,72.49,71.68,71.74,CAC
10/13/20,49.03,49.04,48.65,48.83,CAC
10/13/20,3534.01,3534.01,3500.86,3511.93,SPX
10/13/20,28764.95,28808.84,28604.35,28679.81,DJIA
10/13/21,4358.01,4372.87,4329.92,4363.8,SPX
10/13/21,64.27,65.04,64.17,64.99,CAC
10/13/21,34372.71,34449.83,34115.1,34377.81,DJIA
10/13/22,3520.37,3685.41,3491.58,3669.91,SPX
10/13/22,28755.83,30168.54,28660.94,30038.72,DJIA
10/13/22,56.89,58.0,56.12,57.82,CAC
10/13/23,71.68,71.75,70.67,70.7,CAC
10/13/23,33733.34,33957.72,33551.58,33670.29,DJIA
10/13/23,4360.49,4377.1,4311.97,4327.78,SPX
10/14/20,3515.47,3527.94,3480.55,3488.67,SPX
10/14/20,28731.3,28792.56,28461.73,28514.0,DJIA
10/14/20,48.79,48.98,48.69,48.74,CAC
10/14/21,34443.22,34923.83,34443.22,34912.56,DJIA
10/14/21,65.3,65.93,65.17,65.83,CAC
10/14/21,4386.75,4439.73,4386.75,4438.26,SPX
10/14/22,3690.41,3712.0,3579.68,3583.07,SPX
10/14/22,58.69,59.45,58.25,58.38,CAC
10/14/22,30192.21,30428.82,29614.3,29634.83,DJIA
10/15/20,48.09,48.11,47.45,47.69,CAC
10/15/20,3453.72,3489.08,3440.89,3483.34,SPX
10/15/20,28323.4,28535.85,28181.54,28494.2,DJIA
10/15/21,4447.69,4475.82,4447.69,4471.37,SPX
10/15/21,66.1,66.4,66.02,66.26,CAC
10/15/21,35023.63,35320.97,35023.63,35294.76,DJIA
10/16/20,48.35,48.89,48.17,48.74,CAC
10/16/20,28570.72,28842.9,28570.72,28606.31,DJIA
10/16/20,3493.5,3515.76,3480.45,3483.81,SPX
10/16/23,71.11,71.19,70.33,70.9,CAC
10/16/23,4342.37,4383.33,4342.37,4373.63,SPX
10/16/23,33832.42,34088.98,33832.42,33984.54,DJIA
10/17/22,3638.65,3689.73,3638.65,3677.95,SPX
10/17/22,30059.58,30311.95,29997.62,30185.82,DJIA
10/17/22,58.67,59.67,58.16,59.4,CAC
10/17/23,4345.23,4393.57,4337.54,4373.2,SPX
10/17/23,33869.84,34147.63,33854.7,33997.65,DJIA
10/17/23,70.91,71.19,70.36,70.96,CAC
10/18/21,35221.02,35327.57,35035.94,35258.61,DJIA
10/18/21,4463.72,4488.75,4447.47,4486.46,SPX
10/18/21,65.85,65.86,65.44,65.71,CAC
10/18/22,59.9,60.39,59.66,59.66,CAC
10/18/22,3746.26,3762.79,3686.53,3719.98,SPX
10/18/22,30697.52,30837.9,30301.83,30523.8,DJIA
10/18/23,70.9,71.15,70.23,70.32,CAC
10/18/23,33960.25,33991.51,33598.64,33665.08,DJIA
10/18/23,4357.35,4364.2,4303.84,4314.6,SPX
10/19/20,28633.55,28711.93,28139.4,28195.42,DJIA
10/19/20,3493.66,3502.42,3419.93,3426.92,SPX
10/19/20,49.13,49.27,48.7,48.7,CAC
10/19/21,65.82,65.84,65.52,65.71,CAC
10/19/21,35325.37,35462.68,35290.12,35457.31,DJIA
10/19/21,4497.34,4520.4,4496.41,4519.63,SPX
10/19/22,30439.04,30662.11,30226.9,30423.81,DJIA
10/19/22,59.77,60.1,59.44,59.44,CAC
10/19/22,3703.11,3728.58,3666.51,3695.16,SPX
10/19/23,4321.36,4339.54,4269.69,4278.0,SPX
10/19/23,69.78,70.08,69.45,69.89,CAC
10/19/23,33669.52,33852.39,33368.58,33414.17,DJIA
10/20/20,3439.38,3476.93,3435.65,3443.12,SPX
10/20/20,48.47,48.99,48.47,48.61,CAC
10/20/20,28245.85,28575.03,28243.04,28308.79,DJIA
10/20/21,65.56,66.12,65.5,66.05,CAC
10/20/21,35475.16,35669.69,35465.71,35609.34,DJIA
10/20/21,4524.42,4540.87,4524.4,4536.19,SPX
10/20/22,59.57,60.02,59.37,59.84,CAC
10/20/22,3689.05,3736.0,3656.44,3665.78,SPX
10/20/22,30411.92,30822.96,30265.2,30333.59,DJIA
10/20/23,33365.27,33425.77,33118.12,33127.28,DJIA
10/20/23,69.11,69.48,68.85,68.88,CAC
10/20/23,4273.85,4276.56,4223.03,4224.16,SPX
10/21/20,28270.66,28450.64,28196.39,28210.82,DJIA
10/21/20,48.65,48.65,47.83,47.86,CAC
10/21/20,3439.91,3464.86,3433.06,3435.56,SPX
10/21/21,35520.32,35612.36,35442.53,35603.08,DJIA
10/21/21,4532.24,4551.44,4526.89,4549.78,SPX
10/21/21,65.67,65.96,65.63,65.87,CAC
10/21/22,59.15,59.57,58.57,59.35,CAC
10/21/22,30291.18,31119.27,30206.28,31082.56,DJIA
10/21/22,3657.1,3757.89,3647.42,3752.75,SPX
10/22/20,28197.42,28421.31,28040.18,28363.66,DJIA
10/22/20,47.45,48.0,47.2,47.89,CAC
10/22/20,3438.5,3460.53,3415.34,3453.49,SPX
10/22/21,35607.72,35765.02,35533.95,35677.02,DJIA
10/22/21,4546.12,4559.67,4524.0,4544.9,SPX
10/22/21,66.16,66.64,66.08,66.33,CAC
10/23/20,47.92,48.66,47.92,48.45,CAC
10/23/20,28409.65,28436.52,28149.82,28335.57,DJIA
10/23/20,3464.9,3466.46,3440.45,3465.39,SPX
10/23/23,32993.02,33234.85,32892.19,32936.41,DJIA
10/23/23,4210.4,4255.84,4189.22,4217.04,SPX
10/23/23,68.88,69.21,68.4,69.18,CAC
10/24/22,60.04,60.75,59.42,60.28,CAC
10/24/22,3762.01,3810.74,3741.65,3797.34,SPX
10/24/22,31187.32,31603.63,31161.41,31499.62,DJIA
10/24/23,69.37,69.76,69.01,69.63,CAC
10/24/23,4235.79,4259.38,4219.43,4247.68,SPX
10/24/23,33089.64,33272.19,32988.43,33141.38,DJIA
10/25/21,4553.69,4572.62,4537.36,4566.48,SPX
10/25/21,66.29,66.32,66.07,66.07,CAC
10/25/21,35692.62,35787.04,35629.37,35741.15,DJIA
10/25/22,31463.65,31876.15,31423.53,31836.74,DJIA
10/25/22,3799.44,3862.85,3799.44,3859.11,SPX
10/25/22,60.68,61.5,60.37,61.49,CAC
10/25/23,69.24,69.92,69.13,69.8,CAC
10/25/23,4232.42,4232.42,4181.42,4186.77,SPX
10/25/23,33203.53,33267.91,32989.72,33035.93,DJIA
10/26/20,3441.42,3441.42,3364.86,3400.97,SPX
10/26/20,28185.82,28185.82,27370.16,27685.38,DJIA
10/26/20,47.81,48.3,47.51,47.54,CAC
10/26/21,66.26,66.72,66.11,66.62,CAC
10/26/21,4578.69,4598.53,4569.17,4574.79,SPX
10/26/21,35791.05,35892.92,35734.73,35756.88,DJIA
10/26/22,3825.97,3886.15,3824.07,3830.6,SPX
10/26/22,61.35,61.82,61.2,61.77,CAC
10/26/22,31738.44,32172.42,31738.44,31839.11,DJIA
10/26/23,4175.99,4183.6,4127.9,4137.23,SPX
10/26/23,69.05,69.86,68.91,69.59,CAC
10/26/23,33017.17,33105.03,32743.99,32784.3,DJIA
10/27/20,3403.15,3409.51,3388.71,3390.68,SPX
10/27/20,27651.18,27707.69,27457.96,27463.19,DJIA
10/27/20,47.41,47.47,46.61,46.65,CAC
10/27/21,35835.43,35835.43,35490.43,35490.69,DJIA
10/27/21,4580.22,4584.57,4551.66,4551.68,SPX
10/27/21,66.69,66.69,66.29,66.52,CAC
10/27/22,3834.69,3859.95,3803.79,3807.3,SPX
10/27/22,32062.14,32388.42,31993.21,32033.28,DJIA
10/27/22,61.43,61.71,60.95,61.44,CAC
10/27/23,69.05,69.41,68.61,68.72,CAC
10/27/23,4152.93,4156.7,4103.78,4117.37,SPX
10/27/23,32782.4,32787.56,32327.2,32417.59,DJIA
10/28/20,45.72,45.72,44.66,45.17,CAC
10/28/20,3342.48,3342.48,3268.89,3271.03,SPX
10/28/20,27102.14,27102.14,26497.39,26519.95,DJIA
10/28/21,66.59,66.97,66.49,66.97,CAC
10/28/21,35545.41,35742.25,35545.41,35730.48,DJIA
10/28/21,4562.84,4597.55,4562.84,4596.42,SPX
10/28/22,3808.26,3905.42,3808.26,3901.06,SPX
10/28/22,61.13,61.75,60.86,61.68,CAC
10/28/22,32204.31,32889.81,32158.38,32861.8,DJIA
10/29/20,45.38,45.5,44.6,45.16,CAC
10/29/20,26480.98,26891.89,26290.78,26659.11,DJIA
10/29/20,3277.17,3341.05,3259.82,3310.11,SPX
10/29/21,35712.28,35852.53,35633.2,35819.56,DJIA
10/29/21,66.64,67.29,66.48,67.29,CAC
10/29/21,4572.87,4608.08,4567.59,4605.38,SPX
10/30/20,26572.27,26639.18,26143.77,26501.6,DJIA
10/30/20,44.79,45.47,44.67,45.42,CAC
10/30/20,3293.59,3304.93,3233.94,3269.96,SPX
10/30/23,68.94,69.31,68.83,69.03,CAC
10/30/23,32537.54,33002.97,32537.54,32928.96,DJIA
10/30/23,4139.39,4177.47,4132.94,4166.82,SPX
10/31/22,61.61,61.91,61.44,61.64,CAC
10/31/22,3881.85,3893.73,3863.18,3871.98,SPX
10/31/22,32754.27,32883.86,32586.93,32732.95,DJIA
10/31/23,4171.33,4195.55,4153.12,4193.8,SPX
10/31/23,33029.11,33070.28,32787.12,33052.87,DJIA
10/31/23,69.09,69.77,69.09,69.61,CAC
11/01/21,67.56,68.02,67.55,67.87,CAC
11/01/21,4610.62,4620.34,4595.06,4613.67,SPX
11/01/21,35833.65,36009.74,35797.97,35913.84,DJIA
11/01/22,3901.79,3911.79,3843.8,3856.1,SPX
11/01/22,32862.79,32975.48,32485.23,32653.2,DJIA
11/01/22,62.58,62.8,62.07,62.24,CAC
11/01/23,33081.87,33337.15,33010.85,33274.58,DJIA
11/01/23,4201.27,4245.64,4197.74,4237.86,SPX
11/01/23,69.84,70.28,69.44,70.07,CAC
11/02/20,45.43,46.51,45.3,46.37,CAC
11/02/20,26691.28,27043.48,26691.28,26925.05,DJIA
11/02/20,3296.2,3330.14,3279.74,3310.24,SPX
11/02/21,35935.11,36088.81,35884.13,36052.63,DJIA
11/02/21,67.8,68.25,67.8,68.21,CAC
11/02/21,4613.34,4635.15,4613.34,4630.65,SPX
11/02/22,62.61,62.71,61.72,61.77,CAC
11/02/22,3852.9,3894.44,3758.68,3759.69,SPX
11/02/22,32576.28,33071.93,32139.77,32147.76,DJIA
11/02/23,4268.26,4319.72,4268.26,4317.78,SPX
11/02/23,70.64,71.7,70.63,71.35,CAC
11/02/23,33457.82,33852.96,33450.03,33839.08,DJIA
11/03/20,3336.25,3389.49,3336.25,3369.16,SPX
11/03/20,27138.69,27640.21,27138.69,27480.03,DJIA
11/03/20,46.86,47.53,46.74,47.51,CAC
11/03/21,4630.65,4663.46,4621.19,4660.57,SPX
11/03/21,68.25,68.48,68.11,68.45,CAC
11/03/21,36059.09,36178.51,35891.73,36157.58,DJIA
11/03/22,3733.25,3750.59,3698.15,3719.89,SPX
11/03/22,61.28,61.43,60.9,61.43,CAC
11/03/22,31985.05,32185.71,31727.05,32001.25,DJIA
11/03/23,33988.83,34163.63,33946.6,34061.32,DJIA
11/03/23,4334.23,4373.62,4334.23,4358.34,SPX
11/03/23,71.49,71.7,71.23,71.27,CAC
11/04/20,46.84,48.6,46.8,48.58,CAC
11/04/20,27512.83,28301.5,27512.83,27847.66,DJIA
11/04/20,3406.46,3486.25,3405.17,3443.44,SPX
11/04/21,68.7,68.84,68.59,68.78,CAC
11/04/21,4662.93,4683.0,4662.59,4680.06,SPX
11/04/21,36107.46,36168.03,35986.48,36124.23,DJIA
11/04/22,61.94,63.57,61.89,63.09,CAC
11/04/22,3766.98,3796.34,3708.84,3770.55,SPX
11/04/22,32265.01,32611.52,31938.92,32403.22,DJIA
11/05/20,3485.74,3529.05,3485.74,3510.45,SPX
11/05/20,28083.37,28495.05,28083.37,28390.18,DJIA
11/05/20,49.0,49.3,48.83,49.16,CAC
11/05/21,68.87,69.53,68.84,69.31,CAC
11/05/21,4699.26,4718.5,4681.32,4697.53,SPX
11/05/21,36268.75,36484.75,36190.2,36327.95,DJIA
11/06/20,28399.13,28431.96,28189.5,28323.4,DJIA
11/06/20,49.08,49.35,48.53,48.93,CAC
11/06/20,3508.34,3521.58,3484.34,3509.44,SPX
11/06/23,4364.27,4372.21,4347.53,4365.98,SPX
11/06/23,71.35,71.44,70.87,70.97,CAC
11/06/23,34092.61,34167.26,33989.72,34095.86,DJIA
11/07/22,62.62,63.37,62.58,63.14,CAC
11/07/22,32454.1,32895.59,32424.99,32827.0,DJIA
11/07/22,3780.71,3813.95,3764.7,3806.8,SPX
11/07/23,70.72,70.9,70.48,70.73,CAC
11/07/23,4366.21,4386.26,4355.41,4378.38,SPX
11/07/23,34075.65,34206.98,34026.72,34152.6,DJIA
11/08/21,36416.46,36565.73,36334.42,36432.22,DJIA
11/08/21,69.38,69.58,69.29,69.4,CAC
11/08/21,4701.48,4714.92,4694.39,4701.7,SPX
11/08/22,3817.02,3859.4,3786.28,3828.11,SPX
11/08/22,32934.56,33355.39,32831.46,33160.83,DJIA
11/08/22,62.76,63.42,62.71,63.4,CAC
11/08/23,4384.37,4391.2,4359.76,4382.78,SPX
11/08/23,70.32,71.48,70.28,71.2,CAC
11/08/23,34185.92,34252.75,33996.2,34112.27,DJIA
11/09/20,49.54,53.1,49.54,52.64,CAC
11/09/20,3583.04,3645.99,3547.48,3550.5,SPX
11/09/20,29467.9,29933.83,29130.66,29157.97,DJIA
11/09/21,69.09,69.69,69.09,69.31,CAC
11/09/21,36404.53,36416.98,36173.07,36319.98,DJIA
11/09/21,4707.25,4708.53,4670.87,4685.25,SPX
11/09/22,63.31,63.37,63.0,63.25,CAC
11/09/22,33004.47,33065.11,32478.87,32513.94,DJIA
11/09/22,3810.94,3818.2,3744.22,3748.57,SPX
11/09/23,4391.41,4393.4,4343.94,4347.35,SPX
11/09/23,71.2,71.98,71.07,71.94,CAC
11/09/23,34163.71,34167.54,33859.77,33891.94,DJIA
11/10/20,52.83,53.65,52.57,53.46,CAC
11/10/20,29254.17,29478.86,29126.99,29420.92,DJIA
11/10/20,3543.26,3557.22,3511.91,3545.53,SPX
11/10/21,4670.26,4684.85,4630.86,4646.71,SPX
11/10/21,69.39,69.43,69.09,69.36,CAC
11/10/21,36299.25,36346.61,36009.5,36079.94,DJIA
11/10/22,33263.91,33727.73,33167.82,33715.37,DJIA
11/10/22,3859.89,3958.33,3859.89,3956.37,SPX
11/10/22,62.87,64.68,62.78,64.54,CAC
11/10/23,71.56,71.56,70.88,71.25,CAC
11/10/23,4364.15,4418.03,4353.34,4415.24,SPX
11/10/23,34020.82,34310.36,33905.62,34283.1,DJIA
11/11/20,53.75,53.87,53.36,53.72,CAC
11/11/20,3563.22,3581.16,3557.0,3572.66,SPX
11/11/20,29524.35,29593.11,29281.22,29397.63,DJIA
11/11/21,4659.39,4664.55,4648.31,4649.27,SPX
11/11/21,69.28,69.6,69.27,69.49,CAC
11/11/21,36038.78,36108.17,35915.27,35921.23,DJIA
11/11/22,33797.75,33817.96,33394.43,33747.86,DJIA
11/11/22,3963.72,4001.48,3944.82,3992.93,SPX
11/11/22,65.04,65.29,64.66,64.88,CAC
11/12/20,53.32,53.46,52.76,52.89,CAC
11/12/20,3562.67,3569.02,3518.58,3537.01,SPX
11/12/20,29231.91,29311.83,28902.13,29080.17,DJIA
11/12/21,35963.78,36147.63,35934.59,36100.31,DJIA
11/12/21,69.67,69.89,69.52,69.86,CAC
11/12/21,4655.24,4688.47,4650.77,4682.85,SPX
11/13/20,29203.9,29559.25,29203.9,29479.81,DJIA
11/13/20,3552.57,3593.66,3552.57,3585.15,SPX
11/13/20,52.8,53.35,52.8,53.06,CAC
11/13/23,34259.25,34405.84,34205.81,34337.87,DJIA
11/13/23,71.56,71.85,71.38,71.74,CAC
11/13/23,4406.66,4421.76,4393.82,4411.55,SPX
11/14/22,3977.97,4008.97,3956.4,3957.25,SPX
11/14/22,33662.05,33964.3,33533.96,33536.7,DJIA
11/14/22,65.07,65.5,64.93,65.0,CAC
11/14/23,34581.2,34931.01,34581.2,34827.7,DJIA
11/14/23,4458.97,4508.67,4458.97,4495.7,SPX
11/14/23,71.81,72.9,71.69,72.76,CAC
11/15/21,4689.3,4697.42,4672.86,4682.8,SPX
11/15/21,69.91,70.27,69.84,70.23,CAC
11/15/21,36128.83,36236.07,36031.78,36087.45,DJIA
11/15/22,4006.41,4028.84,3953.17,3991.73,SPX
11/15/22,33755.94,33987.06,33320.2,33592.92,DJIA
11/15/22,65.29,65.72,65.14,65.35,CAC
11/15/23,73.0,73.32,72.84,73.02,CAC
11/15/23,4505.3,4521.17,4495.31,4502.88,SPX
11/15/23,34906.72,35051.1,34868.48,34991.21,DJIA
11/16/20,3600.16,3628.51,3600.16,3626.91,SPX
11/16/20,53.6,54.47,53.3,53.97,CAC
11/16/20,29672.36,29964.29,29672.36,29950.44,DJIA
11/16/21,70.45,70.55,70.3,70.47,CAC
11/16/21,36076.18,36316.61,36076.18,36142.22,DJIA
11/16/21,4679.42,4714.95,4679.42,4700.9,SPX
11/16/22,3976.82,3983.09,3954.34,3958.79,SPX
11/16/22,65.41,65.44,64.8,65.0,CAC
11/16/22,33554.93,33682.83,33516.99,33553.83,DJIA
11/16/23,4497.08,4511.99,4487.83,4508.24,SPX
11/16/23,72.91,72.95,72.55,72.55,CAC
11/16/23,34868.03,35022.46,34818.03,34945.47,DJIA
11/17/20,53.99,54.1,53.68,54.08,CAC
11/17/20,29800.15,29872.42,29520.29,29783.35,DJIA
11/17/20,3610.31,3623.11,3588.68,3609.53,SPX
11/17/21,4701.5,4701.5,4684.41,4688.67,SPX
11/17/21,36159.7,36159.7,35909.48,35931.05,DJIA
11/17/21,70.48,70.6,70.4,70.47,CAC
11/17/22,3919.26,3954.33,3906.54,3946.56,SPX
11/17/22,33329.27,33616.02,33239.75,33546.32,DJIA
11/17/22,65.2,65.28,64.18,64.71,CAC
11/17/23,34964.82,35028.22,34882.82,34947.28,DJIA
11/17/23,4509.55,4520.12,4499.66,4514.02,SPX
11/17/23,73.01,73.3,72.9,73.23,CAC
11/18/20,3612.09,3619.09,3567.33,3567.79,SPX
11/18/20,53.86,54.43,53.76,54.33,CAC
11/18/20,29875.4,29930.85,29432.84,29438.42,DJIA
11/18/21,35901.69,35952.63,35654.39,35870.95,DJIA
11/18/21,4700.72,4708.8,4672.78,4704.54,SPX
11/18/21,70.46,70.73,70.29,70.31,CAC
11/18/22,3966.39,3979.89,3935.98,3965.34,SPX
11/18/22,33606.59,33827.94,33540.64,33745.69,DJIA
11/18/22,65.06,65.54,64.94,65.34,CAC
11/19/20,54.04,54.15,53.76,53.99,CAC
11/19/20,3559.41,3585.22,3543.84,3581.87,SPX
11/19/20,29370.92,29524.9,29228.38,29483.23,DJIA
11/19/21,70.66,70.71,69.62,70.02,CAC
11/19/21,35879.09,35879.09,35555.37,35601.98,DJIA
11/19/21,4708.44,4717.75,4694.22,4697.96,SPX
11/20/20,3579.31,3581.23,3556.85,3557.54,SPX
11/20/20,54.11,54.47,54.06,54.23,CAC
11/20/20,29437.57,29469.89,29231.2,29263.48,DJIA
11/20/23,34932.49,35227.48,34907.98,35151.04,DJIA
11/20/23,4511.7,4557.11,4510.36,4547.38,SPX
11/20/23,73.47,73.5,73.2,73.3,CAC
11/21/22,33760.3,33864.59,33559.18,33700.28,DJIA
11/21/22,65.24,65.37,65.12,65.28,CAC
11/21/22,3956.23,3962.0,3933.34,3949.94,SPX
11/21/23,35104.84,35118.04,35038.44,35088.29,DJIA
11/21/23,4538.77,4542.14,4525.51,4538.19,SPX
11/21/23,73.25,73.3,72.97,73.12,CAC
11/22/21,70.23,70.33,69.82,69.96,CAC
11/22/21,35631.41,35929.66,35615.55,35619.25,DJIA
11/22/21,4712.0,4743.83,4682.17,4682.94,SPX
11/22/22,3965.51,4005.88,3956.88,4003.58,SPX
11/22/22,33810.05,34115.7,33810.05,34098.1,DJIA
11/22/22,65.3,65.59,65.07,65.48,CAC
11/22/23,35189.33,35315.2,35155.8,35273.03,DJIA
11/22/23,73.37,73.54,73.26,73.44,CAC
11/22/23,4553.04,4568.43,4545.05,4556.62,SPX
11/23/20,3566.82,3589.81,3552.77,3577.59,SPX
11/23/20,29332.82,29667.75,29332.82,29591.27,DJIA
11/23/20,54.63,54.82,54.2,54.2,CAC
11/23/21,4678.48,4699.39,4652.66,4690.7,SPX
11/23/21,69.46,70.0,68.97,69.41,CAC
11/23/21,35619.92,35841.52,35542.87,35813.8,DJIA
11/23/22,4001.02,4033.78,3998.66,4027.26,SPX
11/23/22,65.61,65.72,65.4,65.65,CAC
11/23/22,34091.57,34262.07,34004.64,34194.06,DJIA
11/23/23,73.59,73.65,73.52,73.6,CAC
11/24/20,3594.52,3642.31,3594.52,3635.41,SPX
11/24/20,29746.11,30116.51,29746.11,30046.24,DJIA
11/24/20,54.72,55.0,54.61,54.84,CAC
11/24/21,69.62,69.76,68.8,69.35,CAC
11/24/21,4675.78,4702.87,4659.89,4701.46,SPX
11/24/21,35752.31,35825.47,35591.03,35804.38,DJIA
11/24/22,65.73,66.19,65.71,65.96,CAC
11/24/23,73.61,73.79,73.54,73.77,CAC
11/24/23,35299.9,35399.44,35299.9,35390.15,DJIA
11/24/23,4555.84,4560.31,4552.8,4559.34,SPX
11/25/20,55.05,55.1,54.69,54.95,CAC
11/25/20,30058.87,30058.87,29806.25,29872.47,DJIA
11/25/20,3635.5,3635.5,3617.76,3629.65,SPX
11/25/21,69.69,69.7,69.43,69.67,CAC
11/25/22,4023.34,4034.02,4020.76,4026.12,SPX
11/25/22,66.01,66.14,65.8,66.04,CAC
11/25/22,34213.04,34386.51,34199.57,34347.03,DJIA
11/26/20,55.05,55.05,54.82,54.91,CAC
11/26/21,4664.63,4664.63,4585.43,4594.62,SPX
11/26/21,66.75,67.6,66.35,66.43,CAC
11/26/21,35366.69,35366.69,34749.8,34899.34,DJIA
11/27/20,29911.33,30015.13,29819.98,29910.37,DJIA
11/27/20,54.83,55.35,54.83,55.21,CAC
11/27/20,3638.55,3644.31,3629.33,3638.35,SPX
11/27/23,35376.44,35410.37,35280.57,35333.47,DJIA
11/27/23,4554.86,4560.52,4546.32,4550.43,SPX
11/27/23,73.83,73.89,73.57,73.58,CAC
11/28/22,65.67,65.83,65.35,65.61,CAC
11/28/22,34275.91,34303.88,33799.35,33849.46,DJIA
11/28/22,4005.36,4012.27,3955.77,3963.94,SPX
11/28/23,4545.55,4568.14,4540.51,4554.89,SPX
11/28/23,35332.13,35518.67,35307.73,35416.98,DJIA
11/28/23,73.27,73.46,73.06,73.45,CAC
11/29/21,35017.71,35287.91,34895.89,35135.94,DJIA
11/29/21,67.34,67.48,66.68,66.87,CAC
11/29/21,4628.75,4672.95,4625.26,4655.27,SPX
11/29/22,33847.8,33933.91,33662.45,33852.53,DJIA
11/29/22,3964.19,3976.77,3937.65,3957.63,SPX
11/29/22,65.77,65.88,65.48,65.63,CAC
11/29/23,73.42,73.85,73.42,73.61,CAC
11/29/23,4571.84,4587.64,4547.15,4550.58,SPX
11/29/23,35436.8,35579.13,35405.89,35430.42,DJIA
11/30/20,3634.18,3634.18,3594.39,3621.63,SPX
11/30/20,29854.51,29854.51,29463.64,29638.64,DJIA
11/30/20,54.89,55.22,54.44,54.44,CAC
11/30/21,35056.99,35056.99,34424.44,34483.72,DJIA
11/30/21,4640.25,4646.02,4560.0,4567.0,SPX
11/30/21,66.12,66.88,65.73,66.31,CAC
11/30/22,65.95,66.34,65.76,66.27,CAC
11/30/22,3957.18,4080.11,3938.58,4080.11,SPX
11/30/22,33795.43,34589.77,33583.77,34589.77,DJIA
11/30/23,73.68,74.12,73.5,74.0,CAC
11/30/23,35596.57,35970.7,35592.22,35950.89,DJIA
11/30/23,4554.87,4569.89,4537.24,4567.8,SPX
12/01/20,54.74,55.14,54.55,55.1,CAC
12/01/20,3645.87,3678.45,3645.87,3662.45,SPX
12/01/20,29797.5,30083.31,29797.5,29823.92,DJIA
12/01/21,34678.94,35004.64,34006.98,34022.04,DJIA
12/01/21,67.0,68.14,66.7,67.96,CAC
12/01/21,4602.82,4652.94,4510.27,4513.04,SPX
12/01/22,4087.14,4100.51,4050.87,4076.57,SPX
12/01/22,66.76,66.87,66.27,66.52,CAC
12/01/22,34533.59,34595.51,34129.35,34395.01,DJIA
12/01/23,74.38,74.49,74.0,74.35,CAC
12/01/23,35914.45,36264.85,35914.45,36245.5,DJIA
12/01/23,4559.43,4599.39,4554.71,4594.63,SPX
12/02/20,29695.09,29902.51,29599.29,29883.79,DJIA
12/02/20,3653.78,3670.96,3644.84,3669.01,SPX
12/02/20,54.9,55.11,54.75,55.03,CAC
12/02/21,4504.73,4595.46,4504.73,4577.1,SPX
12/02/21,34076.25,34759.65,34076.25,34639.79,DJIA
12/02/21,67.1,67.64,66.8,67.08,CAC
12/02/22,34265.45,34483.21,34039.73,34429.88,DJIA
12/02/22,66.24,66.54,65.95,66.38,CAC
12/02/22,4040.17,4080.48,4026.63,4071.7,SPX
12/03/20,29920.83,30110.88,29877.27,29969.52,DJIA
12/03/20,55.03,55.07,54.77,54.98,CAC
12/03/20,3668.28,3682.73,3657.17,3666.72,SPX
12/03/21,34692.78,34801.31,34264.57,34580.08,DJIA
12/03/21,67.76,67.78,66.45,66.81,CAC
12/03/21,4589.49,4608.03,4495.12,4538.43,SPX
12/04/20,3670.94,3699.2,3670.94,3699.12,SPX
12/04/20,55.08,55.38,55.08,55.36,CAC
12/04/20,29989.56,30218.26,29989.56,30218.26,DJIA
12/04/23,36089.38,36238.18,36029.69,36204.44,DJIA
12/04/23,4564.37,4572.37,4546.72,4569.78,SPX
12/04/23,74.26,74.5,74.12,74.3,CAC
12/05/22,4052.02,4052.45,3984.49,3998.84,SPX
12/05/22,34335.73,34335.73,33846.81,33947.1,DJIA
12/05/22,66.23,66.36,65.8,65.99,CAC
12/05/23,36135.65,36164.68,36010.85,36124.56,DJIA
12/05/23,74.34,74.88,74.34,74.79,CAC
12/05/23,4557.25,4578.56,4551.68,4567.18,SPX
12/06/21,34633.43,35356.75,34633.43,35227.03,DJIA
12/06/21,4548.37,4612.6,4540.51,4591.67,SPX
12/06/21,67.2,67.92,67.0,67.78,CAC
12/06/22,65.68,66.05,65.0,65.8,CAC
12/06/22,3996.63,4001.51,3918.39,3941.26,SPX
12/06/22,33936.87,34006.63,33418.59,33596.34,DJIA
12/06/23,36183.73,36292.58,36024.25,36054.43,DJIA
12/06/23,74.9,75.52,74.8,75.36,CAC
12/06/23,4586.23,4590.74,4546.5,4549.34,SPX
12/07/20,55.22,55.22,54.7,55.02,CAC
12/07/20,3694.73,3697.41,3678.88,3691.96,SPX
12/07/20,30233.03,30233.03,29967.22,30069.79,DJIA
12/07/21,35423.99,35819.47,35423.99,35719.43,DJIA
12/07/21,4631.97,4694.04,4631.97,4686.75,SPX
12/07/21,68.54,69.7,68.52,69.69,CAC
12/07/22,33556.4,33774.27,33503.67,33597.92,DJIA
12/07/22,65.66,65.84,65.27,65.49,CAC
12/07/22,3933.28,3957.57,3922.68,3933.92,SPX
12/07/23,36124.17,36164.17,36021.95,36117.38,DJIA
12/07/23,75.22,75.32,75.11,75.27,CAC
12/07/23,4568.84,4590.92,4565.22,4585.59,SPX
12/08/20,54.81,55.01,54.5,54.87,CAC
12/08/20,29997.95,30246.22,29972.07,30173.88,DJIA
12/08/20,3683.05,3708.45,3678.83,3702.25,SPX
12/08/21,4690.86,4705.06,4674.52,4701.21,SPX
12/08/21,35716.85,35840.52,35602.65,35754.75,DJIA
12/08/21,69.7,69.81,68.98,68.99,CAC
12/08/22,3947.79,3974.19,3935.83,3963.51,SPX
12/08/22,65.63,65.68,65.18,65.35,CAC
12/08/22,33695.97,33899.17,33642.46,33781.48,DJIA
12/08/23,4576.2,4609.23,4574.06,4604.37,SPX
12/08/23,36084.82,36296.2,36061.64,36247.87,DJIA
12/08/23,75.36,76.34,75.36,76.19,CAC
12/09/20,30229.81,30319.7,29951.85,30068.81,DJIA
12/09/20,3705.98,3712.39,3660.54,3672.82,SPX
12/09/20,54.93,54.98,54.46,54.46,CAC
12/09/21,69.09,69.13,68.66,68.91,CAC
12/09/21,4691.0,4695.26,4665.98,4667.45,SPX
12/09/21,35722.26,35864.24,35577.14,35754.69,DJIA
12/09/22,3954.17,3977.02,3933.04,3934.38,SPX
12/09/22,65.46,65.62,65.04,65.59,CAC
12/09/22,33746.71,33844.63,33462.65,33476.46,DJIA
12/10/20,3659.13,3678.49,3645.18,3668.1,SPX
12/10/20,30032.55,30063.87,29876.82,29999.26,DJIA
12/10/20,54.58,54.7,54.1,54.46,CAC
12/10/21,4687.64,4713.57,4670.24,4712.02,SPX
12/10/21,35830.55,35982.69,35710.43,35970.99,DJIA
12/10/21,68.61,69.02,68.51,68.72,CAC
12/11/20,29988.21,30071.13,29820.84,30046.37,DJIA
12/11/20,54.23,54.27,53.68,54.03,CAC
12/11/20,3656.08,3665.91,3633.4,3663.46,SPX
12/11/23,4593.39,4623.71,4593.39,4622.44,SPX
12/11/23,76.28,76.52,76.2,76.45,CAC
12/11/23,36254.33,36416.18,36231.19,36404.93,DJIA
12/12/22,65.29,65.67,65.24,65.39,CAC
12/12/22,33519.5,34005.04,33519.5,34005.04,DJIA
12/12/22,3939.29,3990.71,3935.3,3990.56,SPX
12/12/23,36442.1,36596.11,36373.22,36577.94,DJIA
12/12/23,4618.3,4643.93,4608.09,4643.7,SPX
12/12/23,74.73,74.75,74.02,74.29,CAC
12/13/21,4710.3,4710.3,4667.6,4668.97,SPX
12/13/21,35958.93,35958.93,35609.53,35650.95,DJIA
12/13/21,68.73,69.12,68.12,68.32,CAC
12/13/22,34268.44,34712.28,33890.88,34108.64,DJIA
12/13/22,65.61,67.02,65.3,66.27,CAC
12/13/22,4069.38,4100.96,3993.03,4019.65,SPX
12/13/23,36601.8,37094.85,36523.59,37090.24,DJIA
12/13/23,4646.2,4709.69,4643.23,4707.09,SPX
12/13/23,74.34,74.67,74.19,74.19,CAC
12/14/20,3675.27,3697.61,3645.84,3647.49,SPX
12/14/20,30123.91,30325.79,29849.15,29861.55,DJIA
12/14/20,54.55,54.73,54.27,54.27,CAC
12/14/21,35605.73,35779.47,35441.74,35544.18,DJIA
12/14/21,68.67,68.74,67.76,67.81,CAC
12/14/21,4642.99,4660.47,4606.52,4634.09,SPX
12/14/22,34086.07,34395.65,33704.17,33966.35,DJIA
12/14/22,66.12,66.16,65.78,66.13,CAC
12/14/22,4015.54,4053.76,3965.65,3995.32,SPX
12/14/23,37115.63,37287.5,37051.52,37248.35,DJIA
12/14/23,4721.04,4738.57,4694.34,4719.55,SPX
12/14/23,75.16,75.39,74.35,74.61,CAC
12/15/20,3666.41,3695.29,3659.62,3694.62,SPX
12/15/20,29919.09,30243.26,29894.95,30199.31,DJIA
12/15/20,54.24,54.62,54.23,54.32,CAC
12/15/21,35549.35,35943.84,35389.3,35927.43,DJIA
12/15/21,4636.46,4712.6,4611.22,4709.85,SPX
12/15/21,68.21,68.33,67.91,68.15,CAC
12/15/22,3958.37,3958.37,3879.45,3895.75,SPX
12/15/22,65.55,65.55,63.93,64.08,CAC
12/15/22,33773.0,33773.0,33016.16,33202.22,DJIA
12/15/23,74.99,75.28,74.75,74.9,CAC
12/15/23,37194.5,37347.6,37092.02,37305.16,DJIA
12/15/23,4714.23,4725.53,4704.69,4719.19,SPX
12/16/20,54.52,54.89,54.15,54.5,CAC
12/16/20,3696.25,3711.27,3688.57,3701.17,SPX
12/16/20,30191.38,30236.03,30080.11,30154.54,DJIA
12/16/21,4719.13,4731.99,4651.89,4668.67,SPX
12/16/21,36036.28,36189.83,35778.21,35897.64,DJIA
12/16/21,69.18,69.33,68.72,68.87,CAC
12/16/22,64.04,64.04,63.11,63.43,CAC
12/16/22,3890.91,3890.91,3827.91,3852.36,SPX
12/16/22,33166.46,33166.46,32654.59,32920.46,DJIA
12/17/20,54.86,54.86,54.48,54.49,CAC
12/17/20,3713.65,3725.12,3710.87,3722.48,SPX
12/17/20,30216.0,30323.78,30216.0,30303.37,DJIA
12/17/21,4652.5,4666.7,4600.22,4620.64,SPX
12/17/21,68.68,68.94,67.7,68.12,CAC
12/17/21,35800.11,35800.11,35284.26,35365.44,DJIA
12/18/20,3722.39,3726.7,3685.84,3709.41,SPX
12/18/20,54.4,54.75,54.15,54.26,CAC
12/18/20,30314.26,30343.59,30029.44,30179.05,DJIA
12/18/23,74.59,74.71,74.38,74.57,CAC
12/18/23,4725.58,4749.52,4725.58,4740.56,SPX
12/18/23,37330.14,37393.45,37284.85,37306.02,DJIA
12/19/22,32921.45,33038.94,32581.97,32757.54,DJIA
12/19/22,63.74,63.95,63.59,63.59,CAC
12/19/22,3853.79,3854.86,3800.04,3817.66,SPX
12/19/23,4743.72,4768.69,4743.72,4768.37,SPX
12/19/23,74.6,74.73,74.47,74.68,CAC
12/19/23,37311.82,37562.83,37311.82,37557.92,DJIA
12/20/21,66.67,67.62,66.38,67.62,CAC
12/20/21,4587.9,4587.9,4531.1,4568.02,SPX
12/20/21,35222.12,35222.12,34665.5,34932.16,DJIA
12/20/22,62.91,63.63,62.8,63.42,CAC
12/20/22,32735.24,32992.23,32649.45,32849.74,DJIA
12/20/22,3810.47,3838.24,3795.62,3821.62,SPX
12/20/23,74.89,74.98,74.43,74.79,CAC
12/20/23,37520.13,37641.3,37073.04,37082.0,DJIA
12/20/23,4764.73,4778.01,4697.82,4698.35,SPX
12/21/20,3684.28,3702.9,3636.48,3694.92,SPX
12/21/20,53.02,53.2,52.08,52.92,CAC
12/21/20,30159.0,30304.14,29755.53,30216.45,DJIA
12/21/21,4594.96,4651.14,4583.16,4649.23,SPX
12/21/21,35069.5,35508.96,35069.5,35492.7,DJIA
12/21/21,68.17,68.52,67.75,68.52,CAC
12/21/22,33028.09,33437.84,33028.09,33376.48,DJIA
12/21/22,3839.49,3889.82,3839.49,3878.44,SPX
12/21/22,63.67,64.79,63.67,64.72,CAC
12/21/23,37225.32,37418.76,37127.05,37404.35,DJIA
12/21/23,74.5,74.66,74.31,74.65,CAC
12/21/23,4724.29,4748.71,4708.35,4746.75,SPX
12/22/20,3698.08,3698.26,3676.16,3687.26,SPX
12/22/20,30200.2,30200.2,29992.89,30015.51,DJIA
12/22/20,53.25,53.74,53.25,53.71,CAC
12/22/21,35491.71,35764.67,35433.13,35753.89,DJIA
12/22/21,4650.36,4697.67,4645.53,4696.56,SPX
12/22/21,68.62,69.29,68.48,69.29,CAC
12/22/22,3853.26,3853.26,3764.49,3822.39,SPX
12/22/22,33233.35,33233.35,32573.43,33027.49,DJIA
12/22/22,64.82,65.0,64.0,64.07,CAC
12/22/23,74.67,74.84,74.5,74.61,CAC
12/22/23,4753.92,4772.94,4736.77,4754.63,SPX
12/22/23,37349.27,37534.52,37268.88,37385.97,DJIA
12/23/20,3693.42,3711.24,3689.28,3690.01,SPX
12/23/20,30046.73,30292.53,30046.73,30129.83,DJIA
12/23/20,53.8,54.38,53.8,54.32,CAC
12/23/21,35782.42,36060.99,35782.42,35950.56,DJIA
12/23/21,69.52,69.99,69.34,69.88,CAC
12/23/21,4703.96,4740.74,4703.96,4725.79,SPX
12/23/22,3813.11,3845.8,3797.01,3844.82,SPX
12/23/22,64.13,64.22,63.74,64.03,CAC
12/23/22,32961.06,33226.14,32814.02,33203.93,DJIA
12/24/20,30155.92,30209.67,30099.3,30199.87,DJIA
12/24/20,54.42,54.48,54.13,54.38,CAC
12/24/20,3694.03,3703.82,3689.32,3703.06,SPX
12/24/21,69.74,69.95,69.65,69.84,CAC
12/26/23,4758.86,4784.72,4758.45,4774.75,SPX
12/26/23,37405.9,37617.99,37371.83,37545.33,DJIA
12/27/21,4733.99,4791.49,4733.99,4791.19,SPX
12/27/21,35954.48,36306.61,35954.48,36302.38,DJIA
12/27/21,69.42,70.25,69.42,70.17,CAC
12/27/22,33224.23,33387.72,33069.58,33241.56,DJIA
12/27/22,64.61,64.75,64.4,64.54,CAC
12/27/22,3843.34,3846.65,3813.22,3829.25,SPX
12/27/23,74.68,74.94,74.5,74.58,CAC
12/27/23,4773.45,4785.39,4768.9,4781.58,SPX
12/27/23,37518.62,37683.7,37488.6,37656.52,DJIA
12/28/20,3723.03,3740.51,3723.03,3735.36,SPX
12/28/20,30283.23,30525.56,30283.23,30403.97,DJIA
12/28/20,54.68,54.99,54.48,54.9,CAC
12/28/21,70.17,70.63,70.17,70.53,CAC
12/28/21,36302.99,36527.26,36302.99,36398.21,DJIA
12/28/21,4795.49,4807.02,4780.04,4786.35,SPX
12/28/22,3829.56,3848.32,3780.78,3783.22,SPX
12/28/22,64.62,64.69,64.11,64.18,CAC
12/28/22,33264.76,33379.55,32869.15,32875.71,DJIA
12/28/23,4786.44,4793.3,4780.98,4783.35,SPX
12/28/23,37661.52,37778.85,37650.98,37710.1,DJIA
12/28/23,74.85,74.85,74.23,74.23,CAC
12/29/20,30492.07,30588.79,30274.24,30335.67,DJIA
12/29/20,3750.01,3756.12,3723.31,3727.04,SPX
12/29/20,55.01,55.23,55.01,55.07,CAC
12/29/21,70.49,70.77,70.2,70.42,CAC
12/29/21,4788.64,4804.06,4778.08,4793.06,SPX
12/29/21,36421.14,36571.55,36396.19,36488.63,DJIA
12/29/22,63.87,64.8,63.8,64.8,CAC
12/29/22,3805.45,3858.19,3805.45,3849.28,SPX
12/29/22,33021.43,33293.42,33020.35,33220.8,DJIA
12/29/23,4782.88,4788.43,4751.99,4769.83,SPX
12/29/23,37701.63,37759.43,37538.8,37689.54,DJIA
12/29/23,74.36,74.59,74.2,74.26,CAC
12/30/20,3736.19,3744.63,3730.21,3732.04,SPX
12/30/20,30415.09,30525.35,30393.04,30409.56,DJIA
12/30/20,55.08,55.22,54.97,54.97,CAC
12/30/21,4794.23,4808.93,4775.33,4778.73,SPX
12/30/21,36522.48,36679.44,36372.13,36398.08,DJIA
12/30/21,70.35,70.68,70.35,70.53,CAC
12/30/22,64.37,64.42,63.75,63.81,CAC
12/30/22,3828.85,3839.85,3800.34,3839.5,SPX
12/30/22,33121.61,33152.55,32847.82,33147.25,DJIA
12/31/20,3733.27,3760.2,3726.88,3756.07,SPX
12/31/20,30417.64,30637.47,30344.5,30606.48,DJIA
12/31/20,54.69,55.01,54.58,54.58,CAC
12/31/21,36385.85,36484.94,36303.97,36338.3,DJIA
12/31/21,70.41,70.44,70.2,70.31,CAC
12/31/21,4775.21,4786.83,4765.75,4766.18,SPX
